Season,Race,Driver,Start,Mid Race,Finish,High Pos.,Low Pos.,Avg. Pos.,Pass Diff.,Green Flag Passes,Green Flag Times Passed,Quality Passes,Pct. Quality Passes,Fastest Lap,Top 15 Laps,Pct. Top 15 Laps,Laps Led,Pct. Laps Led,Total Laps,Driver Rating
2019,21,Denny Hamlin,9,2,1,1,22,3,-10,36,46,30,83.3,22,161,98.8,32,19.6,163,133.5
2019,21,Erik Jones,4,7,2,1,27,7,12,64,52,36,56.2,5,148,90.8,10,6.1,163,111
2019,21,"Martin Truex, Jr.",8,4,3,2,26,7,19,67,48,41,61.2,2,150,92,0,0,163,113.8
2019,21,William Byron,31,9,4,4,31,13,7,79,72,27,34.2,0,109,66.9,0,0,163,89.3
2019,21,Kyle Larson,23,3,5,2,24,9,46,103,57,60,58.3,18,141,86.5,0,0,163,106.4
2019,21,Kevin Harvick,1,22,6,1,22,4,-13,30,43,24,80,37,155,95.1,62,38,163,131.2
2019,21,Daniel Hemric,17,12,7,4,21,11,8,72,64,42,58.3,2,144,88.3,0,0,163,95.1
2019,21,Brad Keselowski,11,10,8,4,38,15,1,76,75,35,46.1,4,110,67.5,0,0,163,85.5
2019,21,Kyle Busch,5,1,9,1,26,7,-6,93,99,50,53.8,29,135,82.8,56,34.4,163,118.2
2019,21,Ryan Blaney,30,27,10,6,30,22,-6,83,89,20,24.1,3,24,14.7,0,0,163,67.7
2019,21,Clint Bowyer,13,15,11,7,27,13,18,90,72,32,35.6,0,111,68.1,0,0,163,86.2
2019,21,Aric Almirola,3,11,12,3,25,12,8,82,74,30,36.6,0,124,76.1,0,0,163,90.2
2019,21,Joey Logano,2,5,13,2,22,9,23,71,48,38,53.5,1,140,85.9,0,0,163,98.3
2019,21,Ryan Newman,19,25,14,2,26,16,-28,86,114,26,30.2,1,55,33.7,0,0,163,73
2019,21,Jimmie Johnson,32,23,15,1,32,14,-15,68,83,31,45.6,4,96,58.9,3,1.8,163,81.4
2019,21,Chris Buescher,33,19,16,12,33,22,22,94,72,2,2.1,1,5,3.1,0,0,163,56.3
2019,21,Matt DiBenedetto,10,17,17,3,26,16,-4,81,85,27,33.3,0,51,31.3,0,0,163,70
2019,21,Paul Menard,16,24,18,4,27,19,-31,81,112,17,21,0,38,23.3,0,0,163,62.2
2019,21,Austin Dillon,34,13,19,5,34,14,8,66,58,25,37.9,0,98,60.1,0,0,163,71.2
2019,21,Alex Bowman,12,14,20,7,37,16,20,95,75,34,35.8,0,110,67.5,0,0,163,68.8
2019,21,"Ricky Stenhouse, Jr.",14,26,21,3,27,16,-28,67,95,18,26.9,0,73,44.8,0,0,163,66.5
2019,21,Bubba Wallace,21,21,22,8,28,21,-15,73,88,9,12.3,0,19,11.7,0,0,163,52.8
2019,21,Matt Tifft,22,29,23,21,38,28,-21,31,52,0,0,0,0,0,0,0,163,48
2019,21,Daniel Suarez,7,16,24,5,27,17,2,90,88,20,22.2,2,57,35,0,0,163,63.9
2019,21,Michael McDowell,35,28,25,12,35,25,-5,49,54,1,2,3,3,1.8,0,0,163,48.9
2019,21,Corey LaJoie,36,30,26,26,36,29,1,19,18,0,0,1,0,0,0,0,162,40.1
2019,21,Kurt Busch,6,8,27,3,27,13,6,79,73,38,48.1,1,113,69.8,0,0,162,78.1
2019,21,Landon Cassill,24,31,28,18,33,30,-5,27,32,0,0,0,0,0,0,0,159,39
2019,21,Ty Dillon,25,32,29,24,33,30,-6,27,33,0,0,2,0,0,0,0,159,41.4
2019,21,Ross Chastain,37,34,30,26,37,32,1,19,18,0,0,0,0,0,0,0,159,38.3
2019,21,Quin Houff,28,35,31,28,38,34,4,17,13,0,0,0,0,0,0,0,158,30.5
2019,21,Reed Sorenson,38,38,32,31,38,36,6,22,16,0,0,0,0,0,0,0,158,30.5
2019,21,B.J. McLeod,27,36,33,27,37,35,3,23,20,0,0,0,0,0,0,0,158,29
2019,21,Austin Theriault,29,37,34,29,38,36,1,14,13,0,0,0,0,0,0,0,157,25.3
2019,21,Josh Bilicki,26,33,35,26,36,33,-6,15,21,0,0,0,0,0,0,0,146,31
2019,21,David Ragan,15,20,36,11,27,23,-28,70,98,12,17.1,0,28,22.8,0,0,123,48.3
2019,21,Ryan Preece,20,18,37,11,32,26,-7,68,75,4,5.9,0,4,3.5,0,0,114,46.3
2019,21,Chase Elliott,18,6,38,5,31,26,26,64,38,18,28.1,0,43,51.8,0,0,83,64.5
2019,20,Kevin Harvick,14,8,1,1,14,5,9,32,23,31,96.9,33,301,100,41,13.6,301,126.7
2019,20,Denny Hamlin,23,6,2,1,28,6,26,55,29,36,65.5,55,277,92,113,37.5,301,124.6
2019,20,Erik Jones,4,19,3,1,28,7,13,40,27,22,55,10,262,87,4,1.3,301,110
2019,20,Ryan Blaney,5,13,4,2,23,7,12,47,35,45,95.7,6,296,98.3,0,0,301,105.1
2019,20,Matt DiBenedetto,7,15,5,5,23,11,-5,46,51,37,80.4,0,248,82.4,0,0,301,93.3
2019,20,"Martin Truex, Jr.",6,26,6,2,29,10,16,57,41,35,61.4,14,254,84.4,0,0,301,98.5
2019,20,Ryan Newman,26,3,7,2,32,14,31,90,59,47,52.2,2,206,68.4,0,0,301,83.1
2019,20,Kyle Busch,2,5,8,1,24,6,23,53,30,47,88.7,69,293,97.3,118,39.2,301,129.8
2019,20,Joey Logano,8,2,9,1,17,11,4,66,62,55,83.3,0,282,93.7,1,0.3,301,87
2019,20,Brad Keselowski,1,12,10,1,18,4,-2,29,31,29,100,16,300,99.7,12,4,301,117
2019,20,Aric Almirola,9,1,11,1,25,9,15,54,39,37,68.5,12,256,85,12,4,301,95.1
2019,20,William Byron,22,4,12,3,29,16,10,80,70,26,32.5,0,141,46.8,0,0,301,71.5
2019,20,Paul Menard,17,9,13,7,28,18,-3,58,61,11,19,0,53,17.6,0,0,301,66.3
2019,20,Alex Bowman,37,14,14,5,37,17,18,69,51,23,33.3,0,158,52.5,0,0,301,67.3
2019,20,Chris Buescher,25,16,15,5,25,15,-7,66,73,21,31.8,0,150,49.8,0,0,301,74
2019,20,Ty Dillon,18,20,16,9,37,22,-22,47,69,7,14.9,0,15,5,0,0,301,58.7
2019,20,Michael McDowell,24,17,17,8,29,20,-17,30,47,4,13.3,0,58,19.3,0,0,301,56.2
2019,20,Kurt Busch,3,10,18,2,19,8,-9,30,39,19,63.3,5,243,80.7,0,0,301,89.8
2019,20,Daniel Suarez,13,11,19,6,28,19,11,68,57,25,36.8,5,96,32,0,0,300,72.4
2019,20,Clint Bowyer,16,28,20,2,28,15,11,50,39,32,64,4,140,46.7,0,0,300,76
2019,20,Ryan Preece,28,18,21,8,30,22,-20,37,57,2,5.4,0,25,8.3,0,0,300,51
2019,20,Bubba Wallace,27,21,22,12,28,24,-25,44,69,4,9.1,0,6,2,0,0,300,48.3
2019,20,Corey LaJoie,29,22,23,22,30,25,-7,34,41,0,0,1,0,0,0,0,299,46.2
2019,20,Matt Tifft,30,25,24,4,32,27,-5,18,23,0,0,1,1,0.3,0,0,299,42.7
2019,20,Ross Chastain,32,29,25,19,37,29,10,14,4,0,0,1,0,0,0,0,299,38.1
2019,20,Landon Cassill,31,27,26,14,32,28,-21,5,26,0,0,0,4,1.3,0,0,298,39.2
2019,20,Reed Sorenson,33,30,27,27,34,30,-1,5,6,0,0,0,0,0,0,0,294,35.2
2019,20,Andy Seuss,35,32,28,28,37,32,1,6,5,0,0,0,0,0,0,0,291,31
2019,20,Chase Elliott,12,34,29,7,35,25,0,33,33,20,60.6,1,79,27.2,0,0,290,66.4
2019,20,Jimmie Johnson,10,24,30,3,34,22,-21,33,54,29,87.9,1,146,50.7,0,0,288,69.4
2019,20,Quin Houff,34,33,31,30,37,33,1,14,13,0,0,2,0,0,0,0,287,29.8
2019,20,Austin Dillon,21,36,32,16,37,33,-6,20,26,0,0,2,0,0,0,0,268,39.2
2019,20,Kyle Larson,15,7,33,5,31,19,17,79,62,21,26.6,11,102,38.6,0,0,264,59.1
2019,20,David Ragan,20,23,34,9,34,23,-23,59,82,12,20.3,0,21,8,0,0,261,48
2019,20,Austin Theriault,36,31,35,30,37,34,-4,11,15,0,0,1,0,0,0,0,185,26.4
2019,20,"Ricky Stenhouse, Jr.",11,35,36,2,25,27,-21,35,56,15,42.9,0,69,51.1,0,0,135,46.3
2019,20,Daniel Hemric,19,37,37,11,31,30,0,38,38,6,15.8,0,33,30,0,0,110,40.2
2019,19,Kurt Busch,4,5,1,1,23,6,10,95,85,62,65.3,36,248,92.2,41,15.2,269,129.2
2019,19,Kyle Busch,10,1,2,1,19,4,16,66,50,58,87.9,40,268,99.6,72,26.8,269,134.7
2019,19,Erik Jones,21,6,3,1,23,11,12,98,86,55,56.1,21,174,64.7,1,0.4,269,96.5
2019,19,Kyle Larson,19,9,4,2,25,11,20,121,101,65,53.7,3,197,73.2,0,0,269,90.2
2019,19,Denny Hamlin,18,4,5,1,23,9,18,103,85,65,63.1,4,241,89.6,5,1.9,269,100
2019,19,Clint Bowyer,7,10,6,1,34,11,-22,105,127,36,34.3,7,175,65.1,40,14.9,269,107.3
2019,19,Joey Logano,11,27,7,1,31,9,24,119,95,77,64.7,37,237,88.1,19,7.1,269,114.3
2019,19,Daniel Suarez,1,32,8,1,33,14,0,66,66,37,56.1,7,178,66.2,52,19.3,269,97.7
2019,19,Ryan Newman,35,29,9,1,35,16,7,113,106,40,35.4,1,150,55.8,15,5.6,269,74.6
2019,19,Chris Buescher,25,15,10,3,29,18,28,127,99,35,27.6,0,75,27.9,0,0,269,65
2019,19,Paul Menard,14,11,11,3,23,14,5,118,113,65,55.1,0,169,62.8,0,0,269,72
2019,19,"Ricky Stenhouse, Jr.",16,28,12,1,31,12,-1,105,106,51,48.6,6,213,79.2,21,7.8,269,90.8
2019,19,Ryan Blaney,15,25,13,5,34,16,-20,108,128,45,41.7,0,145,53.9,0,0,269,75
2019,19,Aric Almirola,2,8,14,2,23,8,-2,78,80,50,64.1,14,224,83.3,0,0,269,99.2
2019,19,Chase Elliott,20,30,15,8,33,18,17,133,116,30,22.6,1,100,37.2,0,0,269,68.7
2019,19,Matt DiBenedetto,23,18,16,3,29,19,8,99,91,18,18.2,0,43,16,0,0,269,56.7
2019,19,Alex Bowman,22,3,17,3,29,18,-15,98,113,29,29.6,4,75,28,0,0,268,72.3
2019,19,William Byron,12,13,18,1,30,15,-4,92,96,38,41.3,13,150,56,0,0,268,74.5
2019,19,"Martin Truex, Jr.",8,12,19,2,28,13,-1,109,110,61,56,0,198,73.9,0,0,268,77.3
2019,19,Brad Keselowski,3,19,20,1,30,17,-8,90,98,23,25.6,14,92,34.3,3,1.1,268,72.6
2019,19,Ryan Preece,29,21,21,8,31,21,-1,109,110,22,20.2,0,49,18.3,0,0,268,48.5
2019,19,Kevin Harvick,5,7,22,3,23,11,11,93,82,60,64.5,6,201,75,0,0,268,77.8
2019,19,Bubba Wallace,27,17,23,7,30,20,1,99,98,25,25.3,3,50,18.7,0,0,267,51.9
2019,19,Daniel Hemric,6,16,24,2,30,18,-12,89,101,27,30.3,3,99,37.1,0,0,267,60.9
2019,19,Michael McDowell,17,20,25,7,30,21,-16,99,115,25,25.3,0,68,25.5,0,0,267,49
2019,19,Ty Dillon,26,31,26,7,31,26,-23,68,91,2,2.9,0,8,3,0,0,267,44
2019,19,Matt Tifft,30,23,27,16,31,27,-5,76,81,0,0,0,0,0,0,0,267,40.7
2019,19,Corey LaJoie,28,24,28,15,32,29,-2,62,64,1,1.6,0,0,0,0,0,266,36.7
2019,19,David Ragan,24,22,29,7,31,27,-10,70,80,6,8.6,0,3,1.1,0,0,266,39.7
2019,19,Jimmie Johnson,13,14,30,3,30,19,-8,86,94,27,31.4,4,83,31.2,0,0,266,48.5
2019,19,Ross Chastain,32,26,31,24,34,31,2,34,32,0,0,0,0,0,0,0,264,33.3
2019,19,Landon Cassill,33,33,32,30,34,33,2,17,15,0,0,1,0,0,0,0,263,30.8
2019,19,Bayley Currey,31,35,33,30,36,34,-4,9,13,0,0,1,0,0,0,0,262,28.6
2019,19,Quin Houff,36,34,34,34,36,35,2,7,5,0,0,3,0,0,0,0,260,25.2
2019,19,Austin Dillon,9,2,35,2,35,19,-27,62,89,23,37.1,5,122,51.3,0,0,238,79.8
2019,19,B.J. McLeod,34,36,36,34,36,36,-2,5,7,0,0,0,0,0,0,0,110,24.2
2019,18,Justin Haley,34,33,1,1,37,31,-13,37,50,0,0,1,9,7.1,1,0.8,127,63.5
2019,18,William Byron,12,6,2,1,32,12,30,232,202,80,34.5,3,71,55.9,0,0,127,96.2
2019,18,Jimmie Johnson,14,20,3,1,29,12,8,269,261,182,67.7,3,102,80.3,0,0,127,97.9
2019,18,Ty Dillon,23,14,4,4,30,18,-8,299,307,87,29.1,4,46,36.2,0,0,127,86.1
2019,18,Ryan Newman,18,32,5,1,33,22,-33,178,211,29,16.3,4,28,22,0,0,127,69.8
2019,18,Corey LaJoie,30,27,6,8,35,27,-2,118,120,3,2.5,0,13,10.2,0,0,127,61.2
2019,18,Aric Almirola,11,10,7,7,33,22,-12,177,189,76,42.9,2,36,28.3,0,0,127,61.4
2019,18,Matt DiBenedetto,25,24,8,5,34,21,14,260,246,62,23.8,6,27,21.3,0,0,127,75.6
2019,18,Matt Tifft,31,25,9,7,33,25,-15,132,147,17,12.9,2,16,12.6,0,0,127,59.2
2019,18,Kurt Busch,8,9,10,1,35,15,10,205,195,123,60,7,80,63,8,6.3,127,79
2019,18,Landon Cassill,33,30,11,2,34,27,-15,87,102,1,1.1,2,12,9.4,0,0,127,53.4
2019,18,J.J. Yeley,37,36,12,4,37,31,-12,8,20,0,0,3,10,7.9,0,0,127,49.2
2019,18,Michael McDowell,28,19,13,2,32,19,13,310,297,56,18.1,1,30,23.6,0,0,127,71.3
2019,18,Kyle Busch,2,12,14,1,28,13,-9,274,283,165,60.2,6,90,70.9,3,2.4,127,89.8
2019,18,Bubba Wallace,29,21,15,6,33,22,-2,268,270,61,22.8,13,30,23.6,0,0,127,73.9
2019,18,Paul Menard,20,22,16,1,33,14,23,371,348,200,53.9,2,87,68.5,1,0.8,127,81.2
2019,18,Chris Buescher,22,26,17,1,34,20,0,241,241,69,28.6,1,28,22,1,0.8,127,77.8
2019,18,Daniel Hemric,24,34,18,6,35,22,19,200,181,84,42,4,38,29.9,0,0,127,63.9
2019,18,Brendan Gaughan,39,35,19,3,39,33,-2,27,29,0,0,1,2,1.6,0,0,126,41
2019,18,Kyle Larson,13,13,20,5,32,16,31,255,224,106,41.6,1,60,47.6,0,0,126,78.8
2019,18,Alex Bowman,9,7,21,1,29,13,-9,212,221,110,51.9,0,72,57.1,0,0,126,79
2019,18,"Martin Truex, Jr.",5,15,22,1,31,15,-23,269,292,135,50.2,1,67,53.2,0,0,126,70.2
2019,18,Erik Jones,17,23,23,2,34,22,-29,224,253,28,12.5,4,17,13.6,0,0,125,62.1
2019,18,"Ricky Stenhouse, Jr.",19,29,24,1,35,12,13,315,302,176,55.9,5,88,70.4,2,1.6,125,86.8
2019,18,Joey Logano,1,5,25,1,28,7,6,181,175,139,76.8,2,112,89.6,40,32,125,103.8
2019,18,Denny Hamlin,6,18,26,1,26,12,7,287,280,188,65.5,0,93,74.4,5,4,125,83.9
2019,18,Joey Gase,40,39,27,25,40,36,-2,9,11,0,0,0,0,0,0,0,125,34
2019,18,B.J. McLeod,35,38,28,28,39,36,2,7,5,0,0,0,0,0,0,0,124,32.2
2019,18,Kevin Harvick,4,11,29,1,35,15,-10,112,122,74,66.1,2,78,62.9,12,9.7,124,79.3
2019,18,Ross Chastain,38,37,30,30,39,37,2,8,6,0,0,0,0,0,0,0,122,31
2019,18,Parker Kligerman,36,31,31,4,36,21,10,316,306,55,17.4,3,20,16.5,0,0,121,53.4
2019,18,Ryan Preece,26,28,32,1,33,23,8,220,212,15,6.8,4,6,5,1,0.8,119,66.8
2019,18,Austin Dillon,21,1,33,1,28,12,15,175,160,61,34.9,2,73,61.9,46,39,118,92.1
2019,18,Clint Bowyer,16,4,34,1,34,16,-6,217,223,131,60.4,4,70,59.3,3,2.5,118,62.8
2019,18,Chase Elliott,7,2,35,1,16,8,-3,151,154,140,92.7,0,117,99.2,3,2.5,118,86.3
2019,18,Ryan Blaney,10,3,36,1,28,11,-4,247,251,178,72.1,1,105,89,1,0.8,118,78.9
2019,18,Quin Houff,32,40,37,32,40,39,-11,0,11,0,0,0,0,0,0,0,108,24.8
2019,18,David Ragan,27,16,38,1,38,24,9,219,210,84,38.4,4,35,40.7,0,0,86,58.8
2019,18,Brad Keselowski,3,17,39,2,34,18,-8,122,130,75,61.5,1,72,84.7,0,0,85,78.6
2019,18,Daniel Suarez,15,8,40,3,31,21,-11,187,198,119,63.6,2,65,78.3,0,0,83,69.8
2019,17,Alex Bowman,8,5,1,1,34,7,2,114,112,67,58.8,39,232,86.9,88,33,267,129.9
2019,17,Kyle Larson,14,4,2,1,20,5,0,113,113,71,62.8,15,264,98.9,7,2.6,267,120.6
2019,17,Joey Logano,19,16,3,2,21,9,20,187,167,78,41.7,8,211,79,0,0,267,101.7
2019,17,Jimmie Johnson,4,2,4,1,21,4,-3,72,75,55,76.4,13,250,93.6,10,3.7,267,120.9
2019,17,Brad Keselowski,12,15,5,2,27,10,10,137,127,77,56.2,3,227,85,0,0,267,99.4
2019,17,Ryan Blaney,10,23,6,1,25,12,14,107,93,64,59.8,28,170,63.7,1,0.4,267,107.4
2019,17,Erik Jones,21,8,7,1,37,11,11,124,113,54,43.5,1,213,79.8,1,0.4,267,87
2019,17,William Byron,11,7,8,1,34,7,31,129,98,68,52.7,14,250,93.6,9,3.4,267,102.2
2019,17,"Martin Truex, Jr.",18,12,9,2,31,10,11,106,95,72,67.9,8,242,90.6,0,0,267,93.7
2019,17,Austin Dillon,1,11,10,1,31,11,-9,150,159,68,45.3,5,228,85.4,9,3.4,267,91.3
2019,17,Chase Elliott,13,3,11,2,38,14,13,150,137,43,28.7,9,135,50.6,0,0,267,91.5
2019,17,"Ricky Stenhouse, Jr.",25,10,12,1,30,13,-5,130,135,43,33.1,0,210,78.7,2,0.7,267,80.8
2019,17,Kurt Busch,5,6,13,4,31,12,1,126,125,71,56.3,5,232,86.9,0,0,267,86
2019,17,Kevin Harvick,2,1,14,1,20,6,5,92,87,44,47.8,31,224,83.9,132,49.4,267,115.8
2019,17,Denny Hamlin,9,19,15,1,22,13,16,127,111,49,38.6,4,112,41.9,5,1.9,267,76.9
2019,17,Aric Almirola,15,9,16,3,31,12,-14,102,116,59,57.8,8,235,88,0,0,267,80.4
2019,17,Ryan Newman,16,18,17,1,28,16,-5,131,136,52,39.7,1,91,34.1,1,0.4,267,64.8
2019,17,Chris Buescher,27,14,18,5,33,16,-2,118,120,39,33.1,0,127,47.7,0,0,266,66.3
2019,17,Daniel Hemric,3,29,19,2,36,22,-27,84,111,10,11.9,7,22,8.3,0,0,266,61.2
2019,17,Michael McDowell,7,20,20,1,32,19,3,84,81,18,21.4,0,21,7.9,1,0.4,266,59.5
2019,17,Paul Menard,24,21,21,7,26,18,-20,107,127,29,27.1,4,60,22.6,0,0,266,59
2019,17,Kyle Busch,17,13,22,3,30,17,-3,153,156,61,39.9,24,112,42.1,0,0,266,71.9
2019,17,David Ragan,23,26,23,14,34,24,-7,88,95,1,1.1,0,0,0,0,0,265,52.2
2019,17,Daniel Suarez,28,17,24,1,35,19,16,158,142,36,22.8,6,79,29.8,1,0.4,265,63.7
2019,17,Bubba Wallace,26,25,25,17,37,26,2,116,114,0,0,0,0,0,0,0,264,46.5
2019,17,Ross Chastain,31,22,26,6,37,27,0,74,74,0,0,1,1,0.4,0,0,264,45.1
2019,17,Matt DiBenedetto,29,24,27,2,31,25,-3,105,108,11,10.5,0,7,2.7,0,0,264,52.3
2019,17,Ryan Preece,22,27,28,18,35,27,-7,76,83,0,0,1,0,0,0,0,264,44.7
2019,17,Matt Tifft,38,28,29,22,38,29,10,89,79,0,0,0,0,0,0,0,263,39.2
2019,17,Corey LaJoie,30,32,30,18,36,30,8,76,68,0,0,2,0,0,0,0,263,43.8
2019,17,Landon Cassill,33,30,31,5,35,31,-30,45,75,1,2.2,0,4,1.5,0,0,260,35.3
2019,17,Bayley Currey,32,31,32,7,36,32,-5,44,49,0,0,1,1,0.4,0,0,258,33.4
2019,17,Josh Bilicki,36,33,33,25,37,34,-5,40,45,0,0,1,0,0,0,0,257,29.1
2019,17,Reed Sorenson,37,35,34,11,38,35,-1,12,13,0,0,0,0,0,0,0,249,25.8
2019,17,Ty Dillon,20,37,35,15,38,34,-11,66,77,1,1.5,1,0,0,0,0,239,42.8
2019,17,B.J. McLeod,34,36,36,9,38,36,-2,34,36,0,0,1,0,0,0,0,238,27.1
2019,17,Clint Bowyer,6,34,37,3,37,29,-12,78,90,27,34.6,1,44,25.6,0,0,172,50.1
2019,17,Quin Houff,35,38,38,10,37,36,-1,40,41,0,0,0,1,1,0,0,100,26.7
2019,16,"Martin Truex, Jr.",8,1,1,1,15,3,-11,18,29,12,66.7,21,90,100,59,65.6,90,148.7
2019,16,Kyle Busch,7,4,2,1,18,4,-15,18,33,9,50,9,87,96.7,3,3.3,90,119.7
2019,16,Ryan Blaney,9,2,3,2,23,6,-25,25,50,9,36,3,85,94.4,0,0,90,111.1
2019,16,Matt DiBenedetto,19,6,4,2,34,10,-16,56,72,14,25,2,64,71.1,0,0,90,106.6
2019,16,Denny Hamlin,6,25,5,1,26,10,38,64,26,33,51.6,2,63,70,4,4.4,90,105.5
2019,16,Kevin Harvick,23,10,6,4,24,11,15,55,40,18,32.7,2,62,68.9,0,0,90,96.9
2019,16,Ryan Newman,21,7,7,5,29,12,-14,40,54,14,35,0,65,72.2,0,0,90,92.7
2019,16,Erik Jones,32,8,8,7,32,14,-3,77,80,15,19.5,1,61,67.8,0,0,90,89.2
2019,16,Aric Almirola,15,22,9,5,37,17,7,63,56,17,27,2,48,53.3,0,0,90,72.8
2019,16,Kyle Larson,1,24,10,1,26,14,22,55,33,12,21.8,0,44,48.9,0,0,90,85.3
2019,16,Clint Bowyer,14,16,11,5,37,15,-28,52,80,20,38.5,6,66,73.3,0,0,90,81.3
2019,16,Jimmie Johnson,11,13,12,5,27,12,-1,50,51,23,46,0,71,78.9,0,0,90,80.5
2019,16,Kurt Busch,16,9,13,9,33,14,-25,55,80,11,20,0,74,82.2,0,0,90,79.8
2019,16,Alex Bowman,12,11,14,7,25,13,0,52,52,14,26.9,0,68,75.6,0,0,90,79.2
2019,16,Daniel Hemric,25,14,15,11,32,19,-23,49,72,7,14.3,0,23,25.6,0,0,90,68.2
2019,16,Chris Buescher,10,12,16,6,27,15,-6,42,48,11,26.2,0,52,57.8,0,0,90,71
2019,16,Daniel Suarez,5,5,17,4,34,17,-13,60,73,7,11.7,2,36,40,0,0,90,76.9
2019,16,Brad Keselowski,22,27,18,2,30,18,10,71,61,11,15.5,3,28,31.1,0,0,90,69
2019,16,William Byron,2,21,19,1,29,11,22,61,39,18,29.5,8,63,70,21,23.3,90,87.7
2019,16,David Ragan,18,17,20,6,31,20,-2,57,59,6,10.5,0,7,7.8,0,0,90,59
2019,16,"Ricky Stenhouse, Jr.",17,28,21,3,34,19,0,58,58,3,5.2,0,20,22.2,0,0,90,68.2
2019,16,Paul Menard,24,20,22,9,36,24,-1,64,65,4,6.2,3,5,5.6,0,0,90,60.5
2019,16,Joey Logano,3,26,23,3,32,14,23,75,52,20,26.7,10,51,56.7,0,0,90,82.3
2019,16,Austin Dillon,26,18,24,10,37,24,-36,46,82,2,4.3,0,3,3.3,0,0,90,52.3
2019,16,Michael McDowell,13,15,25,9,37,23,-14,59,73,5,8.5,5,23,25.8,0,0,89,57.9
2019,16,Bubba Wallace,30,30,26,9,32,26,34,85,51,6,7.1,0,6,6.7,0,0,89,46.8
2019,16,Ty Dillon,31,19,27,13,37,26,-32,51,83,1,2,0,4,4.5,0,0,89,46
2019,16,Matt Tifft,28,33,28,9,38,27,30,89,59,8,9,1,5,5.6,0,0,89,43.4
2019,16,Ryan Preece,20,29,29,11,37,27,24,74,50,6,8.1,0,8,9,0,0,89,40.3
2019,16,Parker Kligerman,29,31,30,12,35,27,33,88,55,8,9.1,0,4,4.5,0,0,89,41.7
2019,16,Landon Cassill,35,32,31,13,36,31,24,73,49,3,4.1,0,4,4.5,0,0,89,34.3
2019,16,Corey LaJoie,27,23,32,19,37,29,-10,50,60,0,0,0,0,0,0,0,89,39.7
2019,16,Ross Chastain,37,36,33,26,37,34,12,45,33,0,0,0,0,0,0,0,89,29.2
2019,16,Justin Haley,33,34,34,17,35,32,12,68,56,0,0,0,0,0,0,0,88,32.5
2019,16,Reed Sorenson,38,37,35,30,38,36,9,28,19,0,0,1,0,0,0,0,88,26.1
2019,16,Cody Ware,34,35,36,22,36,34,11,52,41,0,0,0,0,0,0,0,64,29.8
2019,16,Chase Elliott,4,3,37,1,13,15,-51,9,60,5,55.6,3,60,100,3,5,60,95
2019,16,J.J. Yeley,36,38,38,36,38,38,0,1,1,0,0,0,0,0,0,0,53,23.8
2019,15,Joey Logano,1,1,1,1,28,3,-25,45,70,26,57.8,7,194,95.6,163,80.3,203,143.7
2019,15,Kurt Busch,7,12,2,2,20,8,29,114,85,85,74.6,8,190,93.6,0,0,203,113.7
2019,15,"Martin Truex, Jr.",16,11,3,1,18,6,14,79,65,61,77.2,10,202,99.5,0,0,203,115.1
2019,15,Daniel Suarez,9,15,4,1,31,13,9,122,113,58,47.5,9,123,60.6,1,0.5,203,88.2
2019,15,Kyle Busch,15,16,5,2,29,13,18,130,112,69,53.1,6,146,71.9,0,0,203,87.2
2019,15,Brad Keselowski,8,4,6,1,32,11,-13,98,111,51,52,8,162,79.8,6,3,203,101.2
2019,15,Kevin Harvick,3,8,7,1,36,10,5,130,125,82,63.1,19,167,82.3,15,7.4,203,116.6
2019,15,Ryan Newman,18,25,8,3,29,19,4,136,132,40,29.4,1,79,38.9,0,0,203,69.8
2019,15,Ryan Blaney,13,3,9,1,31,11,-21,106,127,56,52.8,8,157,77.3,1,0.5,203,88.2
2019,15,Alex Bowman,20,13,10,2,31,10,18,103,85,62,60.2,12,174,85.7,0,0,203,97.1
2019,15,Denny Hamlin,4,19,11,1,30,14,-10,97,107,42,43.3,6,93,45.8,5,2.5,203,75.4
2019,15,Daniel Hemric,11,10,12,4,26,14,8,104,96,57,54.8,3,135,66.5,0,0,203,78.5
2019,15,Paul Menard,6,20,13,2,30,14,2,105,103,56,53.3,9,114,56.2,0,0,203,77.8
2019,15,Kyle Larson,22,2,14,1,31,11,-16,103,119,36,35,10,131,64.5,0,0,203,88.8
2019,15,Jimmie Johnson,19,24,15,5,36,23,29,114,85,8,7,5,17,8.4,0,0,203,60.9
2019,15,Chris Buescher,31,18,16,5,31,16,27,118,91,40,33.9,6,83,40.9,0,0,203,68.3
2019,15,Aric Almirola,2,14,17,1,26,10,-6,95,101,65,68.4,9,157,77.3,1,0.5,203,89.1
2019,15,William Byron,21,17,18,1,28,16,17,123,106,46,37.4,4,89,43.8,2,1,203,65.8
2019,15,"Ricky Stenhouse, Jr.",10,28,19,5,34,23,7,101,94,13,12.9,0,19,9.4,0,0,203,53.2
2019,15,Chase Elliott,17,5,20,1,29,12,-20,103,123,59,57.3,12,158,77.8,1,0.5,203,85.9
2019,15,Matt DiBenedetto,29,29,21,9,36,25,8,83,75,4,4.8,0,8,3.9,0,0,203,44.2
2019,15,Ty Dillon,25,27,22,10,32,25,-3,85,88,1,1.2,0,6,3,0,0,203,45.8
2019,15,Corey LaJoie,32,31,23,1,35,27,0,63,63,8,12.7,0,12,5.9,0,0,203,40.3
2019,15,Matt Tifft,26,30,24,8,32,24,-1,91,92,6,6.6,1,5,2.5,0,0,203,45.6
2019,15,Ryan Preece,28,22,25,2,31,22,11,110,99,8,7.3,0,13,6.4,0,0,203,53.3
2019,15,Austin Dillon,12,9,26,1,31,15,0,100,100,55,55,3,129,63.9,7,3.5,202,59.2
2019,15,Michael McDowell,23,26,27,16,33,25,4,69,65,0,0,0,0,0,0,0,202,46.5
2019,15,Bubba Wallace,27,23,28,2,32,24,-5,76,81,8,10.5,0,14,7,0,0,201,51.2
2019,15,Landon Cassill,30,32,29,3,33,30,-16,18,34,0,0,0,4,2,0,0,201,34.5
2019,15,Garrett Smithley,36,34,30,13,36,33,-1,18,19,0,0,0,1,0.5,0,0,200,28
2019,15,Erik Jones,14,6,31,2,31,13,-36,81,117,44,54.3,3,132,66.3,0,0,199,81.8
2019,15,Quin Houff,35,35,32,9,36,34,-4,11,15,0,0,2,2,1,0,0,198,28.6
2019,15,Josh Bilicki,34,33,33,14,36,34,-3,15,18,0,0,0,1,0.5,0,0,197,27.7
2019,15,David Ragan,24,21,34,13,34,24,3,78,75,6,7.7,1,8,4.1,0,0,195,43.6
2019,15,Clint Bowyer,5,7,35,1,31,19,-31,63,94,50,79.4,6,119,91.5,1,0.8,130,71.4
2019,15,Kyle Weatherman,33,36,36,10,36,35,-3,10,13,0,0,0,1,1.4,0,0,69,26.7
2019,14,Kyle Busch,2,1,1,1,31,4,-32,43,75,28,65.1,49,152,95,79,49.4,160,147.6
2019,14,Brad Keselowski,5,12,2,1,30,8,26,69,43,28,40.6,4,140,87.5,4,2.5,160,103.7
2019,14,Erik Jones,4,8,3,2,33,8,-36,54,90,27,50,6,140,87.5,0,0,160,110
2019,14,Chase Elliott,12,4,4,1,35,10,-24,61,85,30,49.2,3,138,86.2,2,1.2,160,102
2019,14,Clint Bowyer,3,2,5,1,34,7,-33,48,81,28,58.3,3,147,91.9,2,1.2,160,114.4
2019,14,Denny Hamlin,6,5,6,1,32,8,-38,48,86,24,50,6,144,90,1,0.6,160,105.3
2019,14,Joey Logano,16,10,7,2,26,10,12,61,49,34,55.7,1,145,90.6,0,0,160,91.6
2019,14,Daniel Suarez,9,24,8,1,30,12,15,71,56,29,40.8,3,116,72.5,9,5.6,160,88.2
2019,14,William Byron,1,13,9,1,20,8,13,58,45,38,65.5,12,147,91.9,25,15.6,160,105.6
2019,14,Aric Almirola,13,9,10,4,30,13,14,97,83,54,55.7,7,127,79.4,0,0,160,89
2019,14,Kurt Busch,21,16,11,3,33,19,24,108,84,19,17.6,0,48,30,0,0,160,66.5
2019,14,Ryan Blaney,17,15,12,6,30,15,-6,94,100,35,37.2,3,93,58.1,0,0,160,81.6
2019,14,Daniel Hemric,23,20,13,1,32,17,24,100,76,22,22,2,51,31.9,3,1.9,160,73.7
2019,14,Chris Buescher,24,19,14,7,30,18,24,116,92,17,14.7,0,39,24.4,0,0,160,70.3
2019,14,Alex Bowman,15,11,15,4,31,13,-5,83,88,41,49.4,0,109,68.1,0,0,160,79.3
2019,14,Ryan Newman,19,14,16,4,25,17,2,82,80,21,25.6,0,49,30.6,0,0,160,66.5
2019,14,Matt DiBenedetto,22,23,17,4,35,22,31,109,78,10,9.2,0,13,8.1,0,0,160,57.5
2019,14,Paul Menard,14,22,18,4,24,16,2,82,80,29,35.4,0,72,45,0,0,160,70.5
2019,14,Jimmie Johnson,8,7,19,3,24,11,-25,58,83,22,37.9,1,122,76.2,0,0,160,79
2019,14,Michael McDowell,28,17,20,8,35,22,10,88,78,14,15.9,1,25,15.6,0,0,160,53
2019,14,Bubba Wallace,26,18,21,5,32,20,9,92,83,16,17.4,0,37,23.1,0,0,160,58.8
2019,14,Kevin Harvick,11,3,22,1,32,10,-36,53,89,25,47.2,9,120,75.5,0,0,159,90.8
2019,14,Ryan Preece,29,25,23,15,33,25,14,68,54,2,2.9,0,4,2.5,0,0,159,51.7
2019,14,Ross Chastain,32,26,24,10,34,27,-3,72,75,1,1.4,0,1,0.6,0,0,159,43
2019,14,Bayley Currey,34,29,25,8,35,28,9,50,41,1,2,0,2,1.3,0,0,159,37.5
2019,14,Kyle Larson,7,6,26,1,26,8,5,53,48,35,66,13,149,93.7,35,22,159,94.4
2019,14,Ty Dillon,25,33,27,18,35,28,14,60,46,0,0,1,0,0,0,0,158,45.3
2019,14,Reed Sorenson,35,31,28,11,36,31,13,30,17,0,0,2,1,0.6,0,0,157,32.3
2019,14,Quin Houff,36,30,29,19,37,32,5,20,15,0,0,0,0,0,0,0,157,28.7
2019,14,David Ragan,27,28,30,17,35,29,-15,44,59,0,0,2,0,0,0,0,156,40.6
2019,14,Landon Cassill,31,34,31,10,35,32,-9,28,37,0,0,1,2,1.3,0,0,154,33.5
2019,14,"Ricky Stenhouse, Jr.",18,32,32,12,33,23,5,77,72,6,7.8,1,5,3.4,0,0,146,50.8
2019,14,Matt Tifft,30,27,33,16,35,29,-4,59,63,0,0,1,0,0,0,0,128,36.7
2019,14,J.J. Yeley,37,36,34,28,37,35,6,10,4,0,0,0,0,0,0,0,110,28.2
2019,14,"Martin Truex, Jr.",20,21,35,1,26,24,-4,59,63,12,20.3,1,35,38.5,0,0,91,60
2019,14,Corey LaJoie,33,35,36,19,35,32,-3,37,40,0,0,0,0,0,0,0,68,30.8
2019,14,Austin Dillon,10,37,37,10,37,33,-7,5,12,5,100,0,27,96.4,0,0,28,40.7
2019,13,"Martin Truex, Jr.",14,12,1,1,32,6,30,137,107,97,70.8,83,365,91.2,116,29,400,137.2
2019,13,Joey Logano,7,9,2,2,33,12,6,162,156,70,43.2,14,265,66.2,0,0,400,96.8
2019,13,Kyle Busch,3,3,3,1,23,5,33,99,66,90,90.9,52,388,97,79,19.8,400,131.2
2019,13,Chase Elliott,12,4,4,1,31,7,27,126,99,103,81.7,20,360,90,43,10.8,400,114.6
2019,13,"Ricky Stenhouse, Jr.",9,15,5,2,34,11,-22,147,169,101,68.7,1,317,79.2,0,0,400,97.7
2019,13,Chris Buescher,22,29,6,6,35,21,28,111,83,49,44.1,2,117,29.2,0,0,400,84
2019,13,Alex Bowman,13,2,7,1,30,10,-1,142,143,101,71.1,9,304,76,8,2,400,98.1
2019,13,Jimmie Johnson,15,11,8,3,25,11,6,136,130,120,88.2,1,359,89.8,0,0,400,91.6
2019,13,William Byron,1,5,9,1,16,8,-10,80,90,77,96.2,6,395,98.8,31,7.8,400,101.3
2019,13,Kevin Harvick,5,6,10,1,30,9,-3,119,122,94,79,18,311,77.8,14,3.5,400,104.1
2019,13,Aric Almirola,2,17,11,2,31,14,-5,130,135,61,46.9,3,230,57.5,0,0,400,83.8
2019,13,Corey LaJoie,30,22,12,11,34,23,-13,116,129,14,12.1,0,20,5,0,0,400,63.7
2019,13,Ryan Blaney,19,7,13,1,31,8,13,130,117,77,59.2,19,333,83.2,2,0.5,400,106
2019,13,Paul Menard,17,16,14,5,34,16,-23,141,164,74,52.5,1,189,47.2,0,0,400,72.4
2019,13,David Ragan,31,18,15,1,31,17,15,182,167,62,34.1,3,157,39.2,3,0.8,400,70.2
2019,13,Ryan Newman,18,13,16,1,28,15,-68,127,195,64,50.4,1,190,47.5,0,0,400,69.2
2019,13,Denny Hamlin,20,24,17,1,29,13,64,144,80,82,56.9,18,249,62.2,21,5.2,400,88.7
2019,13,Daniel Suarez,6,28,18,4,33,17,-26,124,150,61,49.2,3,151,37.8,0,0,399,72.2
2019,13,Brad Keselowski,21,1,19,1,24,9,33,136,103,98,72.1,36,339,85.2,76,19.1,398,102.4
2019,13,Matt Tifft,26,23,20,7,35,25,-23,97,120,2,2.1,1,9,2.3,0,0,398,51.9
2019,13,Daniel Hemric,10,25,21,1,35,21,3,81,78,13,16,4,89,22.4,7,1.8,398,62.4
2019,13,Michael McDowell,23,30,22,13,34,26,-28,89,117,0,0,2,0,0,0,0,398,54.1
2019,13,Ty Dillon,28,20,23,10,32,23,-26,138,164,13,9.4,1,14,3.5,0,0,397,56.4
2019,13,Clint Bowyer,8,14,24,6,35,17,24,125,101,52,41.6,1,195,49.1,0,0,397,63.2
2019,13,Bubba Wallace,29,34,25,9,35,28,6,104,98,18,17.3,1,27,6.8,0,0,396,57.6
2019,13,Parker Kligerman,34,21,26,3,34,25,-15,122,137,5,4.1,5,6,1.5,0,0,396,49.8
2019,13,Kurt Busch,11,8,27,3,27,14,29,151,122,98,64.9,3,252,63.6,0,0,396,69.3
2019,13,Quin Houff,39,26,28,6,40,29,-2,35,37,0,0,0,10,2.5,0,0,396,42.8
2019,13,B.J. McLeod,36,27,29,10,37,30,2,31,29,0,0,2,2,0.5,0,0,395,43
2019,13,Reed Sorenson,37,32,30,16,39,32,3,20,17,0,0,1,0,0,0,0,389,35.2
2019,13,Ryan Preece,24,31,31,10,34,28,-14,106,120,1,0.9,0,5,1.5,0,0,343,47.3
2019,13,Joey Gase,40,35,32,32,40,35,6,8,2,0,0,1,0,0,0,0,334,30.9
2019,13,Kyle Larson,25,10,33,2,36,18,20,139,119,53,38.1,2,190,60.3,0,0,315,69.8
2019,13,Austin Dillon,4,19,34,2,32,19,-41,105,146,41,39,3,142,45.1,0,0,315,65.2
2019,13,Bayley Currey,33,33,35,15,36,34,-11,16,27,0,0,0,1,0.4,0,0,245,34
2019,13,Ross Chastain,35,36,36,5,35,34,-3,27,30,0,0,1,3,2.2,0,0,134,33.7
2019,13,Landon Cassill,32,37,37,32,40,37,-8,5,13,0,0,0,0,0,0,0,108,26
2019,13,Cody Ware,38,38,38,31,38,38,-5,6,11,0,0,0,0,0,0,0,51,26.3
2019,13,Matt DiBenedetto,27,39,39,17,31,37,6,20,14,0,0,0,0,0,0,0,47,32.3
2019,13,Erik Jones,16,40,40,10,24,39,2,15,13,14,93.3,0,16,72.7,0,0,22,30.2
2019,12,Brad Keselowski,4,2,1,1,25,9,19,102,83,64,62.7,14,217,80.1,12,4.4,271,108.2
2019,12,Alex Bowman,5,16,2,1,29,6,19,102,83,63,61.8,37,245,90.4,63,23.2,271,126.2
2019,12,Erik Jones,6,14,3,2,32,7,-1,119,120,70,58.8,12,246,90.8,0,0,271,111.4
2019,12,Chase Elliott,32,13,4,1,32,6,26,115,89,72,62.6,28,245,90.4,45,16.6,271,117.9
2019,12,Clint Bowyer,2,17,5,1,30,7,4,88,84,55,62.5,14,252,93,12,4.4,271,104.4
2019,12,Jimmie Johnson,12,28,6,4,34,17,-5,121,126,38,31.4,4,123,45.4,0,0,271,81.8
2019,12,Kurt Busch,9,18,7,1,26,8,10,86,76,58,67.4,3,248,91.5,7,2.6,271,105.5
2019,12,Kyle Larson,35,19,8,2,35,12,22,123,101,44,35.8,0,192,70.8,0,0,271,91
2019,12,Tyler Reddick,21,4,9,3,32,16,11,130,119,42,32.3,1,134,49.4,0,0,271,78.1
2019,12,Chris Buescher,18,5,10,1,21,9,3,100,97,72,72,2,248,91.5,10,3.7,271,95.3
2019,12,"Ricky Stenhouse, Jr.",14,1,11,1,24,6,10,71,61,62,87.3,4,269,99.3,11,4.1,271,108
2019,12,Aric Almirola,33,23,12,5,33,14,13,120,107,66,55,2,210,77.5,0,0,271,85.5
2019,12,Kevin Harvick,1,12,13,1,27,8,3,75,72,42,56,58,229,84.5,104,38.4,271,130.2
2019,12,Daniel Suarez,34,7,14,2,34,20,-12,126,138,24,19,5,67,24.7,0,0,271,66.4
2019,12,Joey Logano,30,32,15,9,33,21,51,115,64,38,33,3,115,42.6,0,0,270,72.7
2019,12,Denny Hamlin,11,8,16,5,34,20,6,104,98,29,27.9,2,70,25.9,0,0,270,64.8
2019,12,Austin Dillon,15,21,17,6,30,15,-16,119,135,52,43.7,0,144,53.3,0,0,270,76.5
2019,12,Daniel Hemric,17,3,18,3,29,18,1,125,124,19,15.2,0,78,28.9,0,0,270,68.7
2019,12,"Martin Truex, Jr.",31,24,19,9,33,19,11,116,105,15,12.9,1,30,11.1,0,0,270,67.9
2019,12,William Byron,3,22,20,1,30,16,4,116,112,33,28.4,4,120,44.4,4,1.5,270,78
2019,12,Matt Tifft,26,9,21,1,32,24,-21,101,122,14,13.9,0,24,8.9,1,0.4,270,55.1
2019,12,Corey LaJoie,16,11,22,9,33,26,-23,64,87,10,15.6,0,18,6.7,0,0,270,49.2
2019,12,Ryan Newman,19,27,23,1,34,19,-13,97,110,21,21.6,0,93,34.6,0,0,269,70.8
2019,12,Paul Menard,10,25,24,3,33,16,-14,126,140,35,27.8,6,113,42,0,0,269,76.8
2019,12,Ryan Preece,22,31,25,12,33,26,10,115,105,4,3.5,0,2,0.7,0,0,269,51.8
2019,12,Michael McDowell,37,10,26,8,37,27,4,95,91,10,10.5,2,19,7.1,0,0,269,50
2019,12,David Ragan,24,30,27,19,36,31,-7,67,74,0,0,2,0,0,0,0,269,43.7
2019,12,Ty Dillon,36,33,28,10,36,28,-10,99,109,7,7.1,0,9,3.3,0,0,269,47.3
2019,12,Bubba Wallace,7,34,29,7,34,28,-26,75,101,1,1.3,0,6,2.2,0,0,269,45
2019,12,Kyle Busch,8,20,30,1,31,11,-7,102,109,68,66.7,21,222,82.8,1,0.4,268,83.7
2019,12,Ross Chastain,27,15,31,1,34,31,-7,41,48,7,17.1,1,17,6.3,1,0.4,268,39.2
2019,12,Ryan Blaney,13,6,32,1,33,20,-39,98,137,26,26.5,1,54,20.5,0,0,264,56.8
2019,12,Bayley Currey,23,29,33,19,36,33,-17,32,49,0,0,0,0,0,0,0,263,36
2019,12,Quin Houff,25,36,34,25,40,36,1,15,14,0,0,0,0,0,0,0,263,31.5
2019,12,Reed Sorenson,29,35,35,29,37,35,4,14,10,0,0,0,0,0,0,0,262,31.5
2019,12,Matt DiBenedetto,20,26,36,8,33,21,-4,108,112,3,2.8,0,6,2.3,0,0,261,50.8
2019,12,Landon Cassill,38,37,37,33,38,36,0,11,11,0,0,0,0,0,0,0,261,33.3
2019,12,Joey Gase,40,38,38,36,40,38,-3,6,9,0,0,0,0,0,0,0,258,24.2
2019,12,Timmy Hill,39,39,39,37,40,39,5,7,2,0,0,2,0,0,0,0,257,26.5
2019,12,Cody Ware,28,40,40,28,40,40,-12,2,14,0,0,0,0,0,0,0,245,25.3
2019,11,"Martin Truex, Jr.",13,5,1,1,29,7,26,66,40,32,48.5,80,352,88,132,33,400,128.9
2019,11,Alex Bowman,5,2,2,1,28,7,27,84,57,48,57.1,33,331,82.8,16,4,400,111.5
2019,11,Kyle Larson,3,6,3,1,20,5,5,50,45,35,70,26,395,98.8,0,0,400,115.6
2019,11,Kevin Harvick,6,4,4,1,15,4,-2,41,43,33,80.5,36,400,100,1,0.2,400,118.6
2019,11,Chase Elliott,1,1,5,1,18,3,-1,44,45,28,63.6,47,398,99.5,145,36.2,400,128
2019,11,Erik Jones,15,10,6,3,23,10,-1,57,58,30,52.6,11,391,97.8,0,0,400,95.2
2019,11,Joey Logano,4,16,7,1,24,9,10,56,46,29,51.8,12,327,81.8,16,4,400,97.9
2019,11,William Byron,2,17,8,1,25,12,14,81,67,43,53.1,10,286,71.5,5,1.2,400,87
2019,11,Clint Bowyer,10,9,9,4,23,9,2,61,59,37,60.7,7,385,96.2,0,0,400,97.2
2019,11,Kyle Busch,22,8,10,1,22,11,12,68,56,45,66.2,21,372,93,1,0.2,400,86.5
2019,11,Daniel Suarez,14,14,11,1,25,13,2,63,61,34,54,26,319,79.8,21,5.2,400,81
2019,11,Brad Keselowski,9,3,12,1,22,7,-8,39,47,25,64.1,12,383,96,58,14.5,399,103.5
2019,11,Kurt Busch,19,19,13,2,23,16,13,77,64,28,36.4,8,188,47.1,0,0,399,74.7
2019,11,Jimmie Johnson,12,11,14,1,21,11,-5,59,64,36,61,2,379,95,4,1,399,82.8
2019,11,Ryan Blaney,11,7,15,2,23,10,-11,43,54,22,51.2,3,365,91.5,0,0,399,90
2019,11,Aric Almirola,7,12,16,2,22,13,-7,53,60,25,47.2,6,268,67.2,0,0,399,74.6
2019,11,Paul Menard,18,13,17,7,24,17,-6,52,58,10,19.2,2,111,27.8,0,0,399,68.6
2019,11,Ryan Newman,21,21,18,8,28,20,-6,49,55,6,12.2,1,6,1.5,0,0,398,61.7
2019,11,Austin Dillon,16,15,19,6,25,18,-15,53,68,17,32.1,0,86,21.6,0,0,398,65.7
2019,11,Matt DiBenedetto,17,20,20,3,25,19,-3,69,72,21,30.4,8,42,10.6,0,0,398,62.4
2019,11,Denny Hamlin,8,18,21,3,24,19,-13,73,86,21,28.8,5,74,18.6,0,0,397,61.7
2019,11,Ty Dillon,25,22,22,6,27,21,-5,48,53,6,12.5,0,5,1.3,0,0,397,57.2
2019,11,Chris Buescher,30,23,23,3,30,23,1,63,62,15,23.8,0,13,3.3,0,0,397,52
2019,11,Michael McDowell,26,25,24,1,26,24,-1,39,40,10,25.6,0,8,2,1,0.3,395,51.5
2019,11,Daniel Hemric,23,24,25,2,25,23,-13,54,67,11,20.4,3,9,2.3,0,0,394,52.8
2019,11,David Ragan,24,26,26,7,33,27,2,36,34,7,19.4,1,5,1.3,0,0,393,43.9
2019,11,Bubba Wallace,27,28,27,25,30,28,-2,18,20,0,0,0,0,0,0,0,393,47
2019,11,Ryan Preece,29,27,28,26,32,27,2,17,15,0,0,1,0,0,0,0,392,44.4
2019,11,Corey LaJoie,28,29,29,26,31,29,-2,18,20,0,0,1,0,0,0,0,392,40.5
2019,11,Ross Chastain,36,32,30,28,36,31,5,13,8,0,0,1,0,0,0,0,389,37.4
2019,11,Landon Cassill,31,31,31,28,33,31,-8,8,16,0,0,0,0,0,0,0,389,34.5
2019,11,Matt Tifft,32,33,32,32,37,34,0,6,6,0,0,0,0,0,0,0,387,31.5
2019,11,"Ricky Stenhouse, Jr.",20,30,33,7,33,26,-8,16,24,8,50,4,102,26.4,0,0,386,57
2019,11,Cody Ware,33,34,34,33,35,34,3,5,2,0,0,0,0,0,0,0,383,30
2019,11,Reed Sorenson,37,35,35,34,37,35,5,5,0,0,0,0,0,0,0,0,356,27.3
2019,11,Quin Houff,35,36,36,34,37,36,-3,1,4,0,0,0,0,0,0,0,168,24.7
2019,11,B.J. McLeod,34,37,37,28,37,36,-9,3,12,0,0,0,0,0,0,0,96,28.3
2019,10,Chase Elliott,11,1,1,1,32,10,20,320,300,196,61.2,5,133,70.7,44,23.4,188,105.9
2019,10,Alex Bowman,9,2,2,1,22,9,14,325,311,216,66.5,2,135,71.8,8,4.3,188,98.9
2019,10,Ryan Preece,30,24,3,2,36,21,37,397,360,101,25.4,5,34,18.1,0,0,188,74.7
2019,10,Joey Logano,8,21,4,1,26,8,-17,310,327,265,85.5,4,171,91,37,19.7,188,105.6
2019,10,Daniel Hemric,5,13,5,4,30,15,21,342,321,193,56.4,5,98,52.1,0,0,188,85.5
2019,10,Kurt Busch,14,14,6,1,27,12,9,385,376,240,62.3,9,135,71.8,0,0,188,90.3
2019,10,Ryan Newman,24,15,7,5,35,19,40,338,298,85,25.1,13,47,25,0,0,188,83.7
2019,10,Brendan Gaughan,29,23,8,1,36,23,17,199,182,19,9.5,7,22,11.7,5,2.7,188,67.8
2019,10,Aric Almirola,2,5,9,1,31,8,-34,400,434,330,82.5,2,170,90.4,27,14.4,188,111
2019,10,Kyle Busch,22,11,10,1,31,10,18,457,439,310,67.8,9,159,84.6,4,2.1,188,96.4
2019,10,Corey LaJoie,36,20,11,6,36,22,14,214,200,19,8.9,4,16,8.5,0,0,188,78.6
2019,10,Daniel Suarez,16,22,12,1,27,16,8,440,432,228,51.8,7,71,37.8,0,0,188,74.2
2019,10,Brad Keselowski,4,3,13,1,27,10,-35,285,320,217,76.1,3,142,75.5,10,5.3,188,96.3
2019,10,Austin Dillon,1,6,14,1,31,13,-9,347,356,236,68,5,112,59.6,0,0,188,84
2019,10,Ryan Blaney,7,12,15,1,30,9,-3,480,483,393,81.9,7,164,87.2,4,2.1,188,89.7
2019,10,Paul Menard,17,9,16,2,33,16,-3,500,503,242,48.4,5,87,46.3,0,0,188,73.5
2019,10,Ty Dillon,13,10,17,1,26,15,-7,352,359,135,38.4,3,82,43.6,7,3.7,188,80.8
2019,10,Reed Sorenson,37,29,18,7,40,28,4,104,100,2,1.9,3,3,1.6,0,0,188,54.5
2019,10,Erik Jones,27,16,19,1,27,13,4,424,420,259,61.1,5,118,62.8,4,2.1,188,80.1
2019,10,"Martin Truex, Jr.",20,7,20,1,25,10,8,452,444,306,67.7,5,143,76.1,11,5.9,188,102.4
2019,10,William Byron,25,4,21,1,26,12,3,345,342,198,57.4,3,138,73.4,0,0,188,81.5
2019,10,Jeffrey Earnhardt,33,28,22,5,35,26,-2,199,201,52,26.1,4,10,5.3,0,0,187,54.3
2019,10,David Ragan,15,19,23,1,28,16,-7,359,366,192,53.5,7,84,44.9,0,0,187,82.6
2019,10,Kyle Larson,10,8,24,1,26,12,-17,333,350,200,60.1,1,125,66.8,1,0.5,187,76.2
2019,10,"Ricky Stenhouse, Jr.",6,17,25,1,22,8,-4,417,421,343,82.3,4,176,94.1,16,8.6,187,87.3
2019,10,Ross Chastain,34,26,26,1,40,27,-12,76,88,5,6.6,3,13,7,9,4.8,187,50.3
2019,10,Parker Kligerman,35,30,27,3,40,30,-7,63,70,1,1.6,3,1,0.5,0,0,186,47.2
2019,10,Cody Ware,40,32,28,4,40,31,-1,52,53,0,0,2,1,0.5,0,0,184,38.7
2019,10,Clint Bowyer,3,33,29,3,36,32,-14,54,68,20,37,2,10,5.5,0,0,182,44.2
2019,10,Chris Buescher,31,25,30,1,32,19,-8,379,387,214,56.5,2,73,40.3,0,0,181,71.4
2019,10,Matt DiBenedetto,26,18,31,1,27,16,-18,484,502,219,45.2,10,83,45.9,1,0.6,181,79.5
2019,10,Justin Haley,38,27,32,2,38,22,-3,300,303,84,28,8,33,18.3,0,0,180,68.5
2019,10,Jimmie Johnson,21,34,33,6,36,33,-33,62,95,2,3.2,5,2,1.1,0,0,178,39.6
2019,10,Landon Cassill,32,36,34,13,36,34,-28,50,78,1,2,0,2,1.3,0,0,154,38.3
2019,10,Stanton Barrett,39,31,35,15,40,33,-12,61,73,1,1.6,1,0,0,0,0,132,32.3
2019,10,Denny Hamlin,23,35,36,4,37,34,25,81,56,21,25.9,3,3,3.8,0,0,80,34.1
2019,10,Matt Tifft,18,37,37,1,34,36,6,77,71,45,58.4,0,7,63.6,0,0,11,29.3
2019,10,Kevin Harvick,19,38,38,16,38,38,4,68,64,0,0,2,0,0,0,0,11,30.7
2019,10,Bubba Wallace,28,39,39,3,39,38,12,70,58,33,47.1,0,8,80,0,0,10,27.3
2019,10,Michael McDowell,12,40,40,4,18,38,1,49,48,39,79.6,0,9,90,0,0,10,25.2
2019,9,"Martin Truex, Jr.",5,2,1,1,21,2,0,14,14,9,64.3,34,395,98.8,186,46.5,400,138.9
2019,9,Joey Logano,3,1,2,1,11,2,0,15,15,9,60,45,400,100,52,13,400,125
2019,9,Clint Bowyer,14,5,3,2,17,5,8,20,12,19,95,21,399,99.8,0,0,400,112.8
2019,9,Kevin Harvick,1,3,4,1,7,4,-4,15,19,12,80,50,400,100,30,7.5,400,119.5
2019,9,Denny Hamlin,30,14,5,5,30,14,19,71,52,26,36.6,8,274,68.5,0,0,400,88.7
2019,9,Austin Dillon,6,11,6,5,24,9,-2,34,36,27,79.4,11,395,98.8,0,0,400,98.5
2019,9,Brad Keselowski,8,4,7,1,24,5,6,37,31,28,75.7,18,395,98.8,31,7.8,400,107
2019,9,Kyle Busch,4,15,8,1,26,7,15,42,27,23,54.8,55,345,86.2,101,25.2,400,108.7
2019,9,Ryan Newman,24,17,9,6,26,15,6,70,64,30,42.9,3,211,52.8,0,0,400,79.3
2019,9,Paul Menard,9,10,10,4,16,9,-5,24,29,19,79.2,1,399,99.8,0,0,400,92
2019,9,Kurt Busch,2,7,11,2,14,7,-9,23,32,17,73.9,5,400,100,0,0,400,97.4
2019,9,Jimmie Johnson,34,13,12,8,34,15,28,67,39,26,38.8,4,249,62.2,0,0,400,74.4
2019,9,William Byron,13,12,13,7,18,13,-1,30,31,21,70,4,377,94.2,0,0,400,83.5
2019,9,Erik Jones,35,8,14,6,35,15,33,67,34,17,25.4,9,251,62.8,0,0,400,77.3
2019,9,Chase Elliott,32,18,15,9,32,19,11,73,62,8,11,2,87,21.8,0,0,400,66.9
2019,9,"Ricky Stenhouse, Jr.",11,22,16,9,26,17,-2,28,30,8,28.6,2,97,24.2,0,0,400,68.9
2019,9,Alex Bowman,12,19,17,2,22,15,-20,45,65,17,37.8,3,192,48.1,0,0,399,73.5
2019,9,Daniel Suarez,33,6,18,4,33,14,15,66,51,28,42.4,20,251,62.9,0,0,399,80.8
2019,9,Daniel Hemric,17,21,19,8,25,20,8,56,48,5,8.9,0,42,10.5,0,0,399,58.8
2019,9,Ryan Preece,16,25,20,10,30,24,-6,37,43,2,5.4,0,2,0.5,0,0,399,51.8
2019,9,Ty Dillon,23,20,21,7,25,20,2,57,55,7,12.3,0,6,1.5,0,0,398,59.5
2019,9,Chris Buescher,7,9,22,4,24,13,-13,32,45,16,50,2,236,59.3,0,0,398,74.6
2019,9,Aric Almirola,31,16,23,12,31,19,7,71,64,10,14.1,3,98,24.6,0,0,398,64.8
2019,9,Matt DiBenedetto,20,23,24,19,30,25,-7,29,36,0,0,1,0,0,0,0,398,48.5
2019,9,Ryan Blaney,22,24,25,4,26,22,-11,40,51,2,5,3,3,0.8,0,0,398,53.3
2019,9,Corey LaJoie,21,27,26,20,31,28,-5,23,28,0,0,4,0,0,0,0,396,41
2019,9,Bubba Wallace,19,28,27,16,29,27,-8,33,41,0,0,0,0,0,0,0,396,47.8
2019,9,David Ragan,15,29,28,12,30,26,-11,30,41,4,13.3,0,22,5.6,0,0,396,47.2
2019,9,Matt Tifft,36,30,29,26,36,30,1,16,15,0,0,13,0,0,0,0,395,37.3
2019,9,Ross Chastain,29,33,30,28,36,32,6,14,8,0,0,20,0,0,0,0,394,38.8
2019,9,Jeb Burton,27,31,31,25,35,32,-8,13,21,0,0,0,0,0,0,0,392,32.2
2019,9,Bayley Currey,26,32,32,26,36,33,-9,7,16,0,0,0,0,0,0,0,392,29.8
2019,9,Joey Gase,37,34,33,33,37,34,0,5,5,0,0,3,0,0,0,0,387,27.1
2019,9,Quin Houff,28,35,34,28,37,35,1,2,1,0,0,1,0,0,0,0,386,25.9
2019,9,Landon Cassill,25,36,35,20,36,33,-11,10,21,0,0,11,0,0,0,0,322,36.8
2019,9,Michael McDowell,18,26,36,18,31,31,-12,15,27,0,0,0,0,0,0,0,240,38.2
2019,9,Kyle Larson,10,37,37,10,31,30,-21,7,28,5,71.4,2,74,59.2,0,0,125,50
2019,8,Kyle Busch,17,5,1,1,36,7,16,73,57,43,58.9,40,434,86.8,71,14.2,500,119.2
2019,8,Kurt Busch,27,6,2,2,27,9,18,86,68,57,66.3,15,437,87.4,0,0,500,102.8
2019,8,Joey Logano,7,1,3,1,10,3,21,59,38,58,98.3,71,500,100,146,29.2,500,132.3
2019,8,Ryan Blaney,3,2,4,1,10,3,6,54,48,52,96.3,35,500,100,158,31.6,500,126.7
2019,8,Denny Hamlin,5,13,5,1,17,11,-5,84,89,82,97.6,5,488,97.6,7,1.4,500,88.7
2019,8,Paul Menard,9,16,6,3,19,15,-7,37,44,31,83.8,0,168,33.6,0,0,500,76.2
2019,8,Clint Bowyer,8,8,7,1,17,6,13,66,53,61,92.4,32,470,94,24,4.8,500,110.2
2019,8,Daniel Suarez,20,10,8,3,20,12,14,70,56,57,81.4,6,342,68.4,0,0,500,91.4
2019,8,Ryan Newman,11,3,9,1,18,9,-8,77,85,71,92.2,3,479,95.8,0,0,500,94.1
2019,8,Jimmie Johnson,10,14,10,3,18,10,10,85,75,83,97.6,2,479,95.8,0,0,500,89.9
2019,8,Chase Elliott,1,12,11,1,18,10,9,69,60,61,88.4,15,403,80.6,38,7.6,500,91.2
2019,8,Matt DiBenedetto,21,11,12,6,25,12,14,125,111,86,68.8,0,392,78.4,0,0,500,78.8
2019,8,Kevin Harvick,13,22,13,12,37,24,18,41,23,4,9.8,82,12,2.4,0,0,500,70.4
2019,8,Austin Dillon,15,9,14,7,23,13,-20,76,96,54,71.1,1,381,76.2,0,0,500,74.2
2019,8,Ty Dillon,24,15,15,1,24,13,3,78,75,71,91,2,469,93.8,6,1.2,500,74.6
2019,8,William Byron,2,17,16,2,34,17,5,61,56,16,26.2,1,149,29.8,0,0,500,64.7
2019,8,"Martin Truex, Jr.",23,24,17,2,25,14,-7,72,79,40,55.6,30,227,45.5,0,0,499,92.1
2019,8,Brad Keselowski,12,4,18,1,18,6,4,81,77,74,91.4,33,470,94.2,40,8,499,100
2019,8,Kyle Larson,16,23,19,10,34,22,-16,47,63,24,51.1,13,75,15,0,0,499,61.4
2019,8,Bubba Wallace,28,19,20,8,28,21,12,34,22,0,0,0,1,0.2,0,0,499,53.5
2019,8,David Ragan,22,20,21,14,25,20,-3,37,40,2,5.4,0,10,2,0,0,498,58.8
2019,8,Chris Buescher,25,7,22,3,25,11,-9,72,81,38,52.8,3,384,77.1,0,0,498,76.6
2019,8,Alex Bowman,14,27,23,5,32,23,-15,38,53,18,47.4,1,104,20.9,0,0,497,64.7
2019,8,Erik Jones,4,18,24,1,31,20,-30,48,78,12,25,20,118,23.7,10,2,497,66.8
2019,8,Ryan Preece,30,28,25,25,35,28,18,27,9,0,0,1,0,0,0,0,496,43.2
2019,8,Landon Cassill,31,26,26,10,31,26,-3,31,34,0,0,1,1,0.2,0,0,495,44.9
2019,8,Matt Tifft,29,30,27,23,31,27,-10,10,20,0,0,1,0,0,0,0,494,43.4
2019,8,Michael McDowell,18,25,28,15,28,25,-18,34,52,1,2.9,0,4,0.8,0,0,493,49.2
2019,8,Ross Chastain,37,29,29,9,37,28,0,24,24,0,0,1,1,0.2,0,0,491,42.7
2019,8,Daniel Hemric,26,31,30,11,33,28,9,47,38,0,0,1,1,0.2,0,0,490,46.2
2019,8,Bayley Currey,34,32,31,28,34,31,1,9,8,0,0,0,0,0,0,0,488,35.5
2019,8,Quin Houff,36,33,32,30,36,33,1,8,7,0,0,2,0,0,0,0,476,29.9
2019,8,"Ricky Stenhouse, Jr.",19,35,33,19,36,35,-2,4,6,0,0,5,0,0,0,0,395,35.3
2019,8,Corey LaJoie,32,21,34,19,32,27,-10,39,49,0,0,0,0,0,0,0,308,43.3
2019,8,Timmy Hill,35,34,35,29,36,34,-2,8,10,0,0,0,0,0,0,0,239,28.2
2019,8,Gray Gaulding,33,36,36,25,33,34,-14,18,32,0,0,0,0,0,0,0,142,32.7
2019,8,Aric Almirola,6,37,37,3,37,37,-12,1,13,1,100,0,1,33.3,0,0,3,23.2
2019,7,Denny Hamlin,6,1,1,1,35,9,7,112,105,71,63.4,22,283,84.7,45,13.5,334,119.2
2019,7,Clint Bowyer,25,11,2,1,29,9,14,135,121,82,60.7,23,281,84.1,3,0.9,334,104.3
2019,7,Daniel Suarez,4,4,3,1,35,9,13,140,127,95,67.9,25,297,88.9,9,2.7,334,111.4
2019,7,Erik Jones,11,20,4,1,38,15,27,125,98,56,44.8,7,162,48.5,30,9,334,85.3
2019,7,Jimmie Johnson,1,9,5,1,35,8,7,107,100,74,69.2,14,317,94.9,60,18,334,104.4
2019,7,William Byron,2,8,6,1,35,8,7,101,94,72,71.3,16,309,92.5,15,4.5,334,101.9
2019,7,Aric Almirola,21,12,7,1,39,10,-6,122,128,67,54.9,6,263,78.7,3,0.9,334,92.2
2019,7,Kevin Harvick,23,16,8,2,32,12,-5,113,118,62,54.9,12,245,73.4,0,0,334,84.7
2019,7,Kurt Busch,30,14,9,2,30,13,0,161,161,83,51.6,28,242,72.5,0,0,334,92.8
2019,7,Kyle Busch,16,2,10,1,35,7,9,109,100,67,61.5,45,277,82.9,66,19.8,334,126
2019,7,Ryan Newman,18,6,11,2,31,12,8,136,128,64,47.1,0,211,63.2,0,0,334,76.7
2019,7,"Martin Truex, Jr.",20,18,12,1,35,11,-8,113,121,63,55.8,0,269,80.5,10,3,334,81.7
2019,7,Chase Elliott,3,13,13,1,35,9,-15,107,122,65,60.7,30,288,86.2,35,10.5,334,107.7
2019,7,Austin Dillon,5,19,14,1,35,11,-21,123,144,77,62.6,8,263,78.7,5,1.5,334,88.7
2019,7,Michael McDowell,15,10,15,5,35,15,4,107,103,57,53.3,0,183,54.8,0,0,334,69.3
2019,7,"Ricky Stenhouse, Jr.",17,7,16,4,35,16,3,118,115,54,45.8,2,188,56.5,0,0,333,66.8
2019,7,Joey Logano,8,15,17,1,35,12,15,118,103,59,50,7,181,54.4,8,2.4,333,97.1
2019,7,Alex Bowman,24,21,18,8,34,21,9,106,97,14,13.2,9,24,7.2,0,0,333,59.5
2019,7,Paul Menard,14,5,19,2,35,15,-1,113,114,45,39.8,7,174,52.3,0,0,333,77.2
2019,7,Chris Buescher,19,25,20,6,39,19,3,113,110,29,25.7,3,44,13.2,0,0,333,60.7
2019,7,Ty Dillon,9,22,21,3,35,21,-6,105,111,35,33.3,0,63,19,0,0,332,64
2019,7,Ryan Preece,27,24,22,3,36,25,11,105,94,8,7.6,1,6,1.8,0,0,332,48.6
2019,7,Bubba Wallace,10,27,23,10,35,23,-19,81,100,9,11.1,0,7,2.1,0,0,332,53.8
2019,7,Matt Tifft,29,26,24,1,33,26,1,93,92,0,0,0,0,0,0,0,332,49.3
2019,7,David Ragan,28,28,25,13,39,25,-15,78,93,0,0,0,0,0,0,0,331,52.3
2019,7,Matt DiBenedetto,26,23,26,7,39,24,-11,92,103,10,10.9,0,7,2.1,0,0,331,51.2
2019,7,Parker Kligerman,33,30,27,10,37,29,2,48,46,0,0,0,0,0,0,0,330,43.7
2019,7,Corey LaJoie,31,29,28,5,39,31,-1,49,50,0,0,0,0,0,0,0,330,39.2
2019,7,Ross Chastain,35,31,29,11,35,31,7,45,38,0,0,0,2,0.6,0,0,329,39.8
2019,7,Landon Cassill,32,32,30,9,39,32,-29,23,52,5,21.7,0,6,1.8,0,0,326,37.8
2019,7,B.J. McLeod,34,33,31,12,39,33,3,18,15,0,0,1,0,0,0,0,325,34.9
2019,7,Garrett Smithley,38,35,32,15,38,34,6,15,9,0,0,1,0,0,0,0,325,30.6
2019,7,Daniel Hemric,7,17,33,3,35,21,-13,98,111,38,38.8,1,68,21,0,0,324,52.6
2019,7,Reed Sorenson,37,34,34,13,38,35,7,16,9,0,0,1,0,0,0,0,322,28.1
2019,7,Bayley Currey,36,36,35,14,38,35,-5,19,24,0,0,1,0,0,0,0,320,30.7
2019,7,Brad Keselowski,12,39,36,4,39,32,6,54,48,15,27.8,5,32,11.5,0,0,279,57.9
2019,7,Ryan Blaney,13,3,37,1,35,17,-17,88,105,54,61.4,29,203,90.2,45,20,225,102.2
2019,7,Timmy Hill,39,37,38,16,39,38,1,4,3,0,0,0,0,0,0,0,168,24.2
2019,7,Kyle Larson,22,38,39,4,35,27,14,79,65,36,45.6,1,115,78.2,0,0,147,50.5
2019,6,Brad Keselowski,3,1,1,1,15,1,1,2,1,2,100,79,500,100,446,89.2,500,150
2019,6,Chase Elliott,7,3,2,1,19,2,4,10,6,10,100,82,499,99.8,49,9.8,500,124.1
2019,6,Ryan Blaney,17,2,4,1,19,5,16,29,13,23,79.3,32,498,99.6,0,0,500,114.4
2019,6,Kyle Busch,13,12,3,1,18,7,0,24,24,23,95.8,24,500,100,0,0,500,109.3
2019,6,Denny Hamlin,5,4,5,1,20,7,16,36,20,26,72.2,23,444,88.8,0,0,500,103.9
2019,6,Aric Almirola,2,5,9,1,21,7,1,33,32,33,100,26,495,99,0,0,500,102.5
2019,6,Kevin Harvick,4,7,6,1,20,7,2,21,19,20,95.2,27,500,100,0,0,500,101.4
2019,6,"Martin Truex, Jr.",8,6,8,1,21,7,-1,16,17,16,100,12,498,99.6,0,0,500,99
2019,6,Clint Bowyer,10,8,7,1,21,9,21,40,19,28,70,28,418,83.6,0,0,500,96.4
2019,6,Daniel Suarez,9,10,10,1,22,12,-6,48,54,42,87.5,6,466,93.2,0,0,500,87.6
2019,6,Austin Dillon,29,14,11,1,31,12,16,52,36,34,65.4,23,427,85.4,0,0,500,84.4
2019,6,Joey Logano,1,9,19,1,21,11,-14,33,47,20,60.6,2,371,74.2,5,1,500,80.2
2019,6,Kurt Busch,19,18,12,1,24,15,9,59,50,37,62.7,2,301,60.2,0,0,500,78.1
2019,6,Kyle Larson,6,15,18,4,21,13,-24,32,56,26,81.2,2,321,64.2,0,0,500,75.9
2019,6,Alex Bowman,16,19,14,3,23,15,-10,43,53,27,62.8,0,301,60.2,0,0,500,74.3
2019,6,Paul Menard,14,16,15,5,24,16,-4,32,36,21,65.6,0,251,50.2,0,0,500,71.8
2019,6,Ty Dillon,22,17,13,3,30,19,24,58,34,16,27.6,11,109,21.8,0,0,500,69.8
2019,6,Ryan Preece,15,25,16,1,26,19,-5,43,48,17,39.5,1,169,33.8,0,0,500,66.5
2019,6,Matt DiBenedetto,21,13,20,4,25,19,4,45,41,10,22.2,4,98,19.6,0,0,500,63.8
2019,6,Jimmie Johnson,11,23,24,8,26,20,-12,26,38,8,30.8,0,116,23.2,0,0,498,61.3
2019,6,Bubba Wallace,26,20,17,1,26,20,2,47,45,9,19.1,0,24,4.8,0,0,500,60.7
2019,6,Erik Jones,18,11,30,3,32,19,-14,36,50,19,52.8,0,190,38,0,0,491,60.7
2019,6,Chris Buescher,12,22,21,2,27,21,-4,21,25,1,4.8,0,3,0.6,0,0,499,54.3
2019,6,William Byron,34,21,22,14,34,24,13,37,24,0,0,0,0,0,0,0,499,52
2019,6,Ryan Newman,20,24,23,17,26,24,-8,34,42,0,0,1,0,0,0,0,499,50.4
2019,6,Daniel Hemric,28,27,27,18,30,27,-3,17,20,0,0,36,0,0,0,0,496,50.4
2019,6,"Ricky Stenhouse, Jr.",24,26,25,15,26,24,-7,23,30,0,0,0,1,0.2,0,0,498,49.8
2019,6,David Ragan,25,29,26,25,33,28,6,18,12,0,0,0,0,0,0,0,496,42.2
2019,6,Ross Chastain,30,34,34,26,35,33,-8,15,23,0,0,18,0,0,0,0,365,38.6
2019,6,Landon Cassill,27,30,28,27,33,30,-5,11,16,0,0,0,0,0,0,0,494,37.3
2019,6,Michael McDowell,23,33,31,23,35,32,-5,4,9,0,0,1,0,0,0,0,491,36.2
2019,6,Matt Tifft,31,28,29,26,35,29,-3,7,10,0,0,0,0,0,0,0,494,33.7
2019,6,Corey LaJoie,32,31,33,29,33,32,4,15,11,0,0,0,0,0,0,0,489,31.3
2019,6,D.J. Kennington,35,32,32,28,35,32,-6,5,11,0,0,2,0,0,0,0,489,29.2
2019,6,Jeb Burton,36,35,35,31,36,34,0,5,5,0,0,0,0,0,0,0,163,25.5
2019,6,Cody Ware,33,36,36,33,36,36,-1,1,2,0,0,0,0,0,0,0,55,23.2
2019,5,Kyle Busch,4,1,1,1,20,3,20,56,36,42,75,66,197,98.5,134,67,200,148.5
2019,5,Joey Logano,5,5,2,1,16,4,3,59,56,44,74.6,16,200,100,3,1.5,200,121.4
2019,5,Brad Keselowski,13,2,3,1,33,8,10,88,78,32,36.4,28,160,80,42,21,200,115.7
2019,5,Ryan Blaney,10,4,5,1,34,7,5,96,91,56,58.3,13,193,96.5,2,1,200,111.6
2019,5,Aric Almirola,3,6,9,1,12,6,-3,58,61,50,86.2,6,200,100,7,3.5,200,108.6
2019,5,Kevin Harvick,2,7,4,2,31,7,-12,78,90,39,50,3,193,96.5,0,0,200,107.6
2019,5,Denny Hamlin,6,9,7,1,20,8,19,89,70,50,56.2,18,186,93,8,4,200,104.3
2019,5,Kurt Busch,21,8,6,4,27,10,24,137,113,59,43.1,2,183,91.5,0,0,200,98.5
2019,5,Austin Dillon,1,17,10,1,23,11,1,88,87,50,56.8,2,154,77,0,0,200,92.2
2019,5,"Martin Truex, Jr.",27,15,8,4,27,14,39,131,92,58,44.3,4,128,64,0,0,200,87.9
2019,5,Daniel Suarez,20,11,13,5,29,12,3,128,125,62,48.4,2,184,92,0,0,200,86.4
2019,5,Chase Elliott,8,14,11,2,28,13,-12,139,151,71,51.1,0,147,73.5,0,0,200,84
2019,5,Jimmie Johnson,11,10,17,5,19,11,-7,82,89,60,73.2,0,168,84,0,0,200,82.2
2019,5,Kyle Larson,15,12,12,3,33,14,1,132,131,41,31.1,1,132,66,0,0,200,79.8
2019,5,Erik Jones,18,3,19,3,23,12,0,111,111,53,47.8,5,155,77.5,0,0,200,79
2019,5,"Ricky Stenhouse, Jr.",12,21,14,1,27,15,2,103,101,36,35,0,94,47,1,0.5,200,73.8
2019,5,William Byron,22,18,15,1,31,18,0,125,125,35,28,5,36,18,3,1.5,200,71.5
2019,5,Paul Menard,25,16,20,8,30,17,-10,103,113,36,35,0,67,33.5,0,0,200,68.8
2019,5,Chris Buescher,14,19,16,2,33,19,-9,126,135,27,21.4,0,39,19.5,0,0,200,65.3
2019,5,Alex Bowman,23,13,21,7,31,18,-7,96,103,28,29.2,0,59,29.5,0,0,200,63.3
2019,5,Matt DiBenedetto,24,20,18,2,29,19,0,136,136,27,19.9,0,22,11,0,0,200,61.8
2019,5,Daniel Hemric,17,35,33,7,36,27,-25,87,112,14,16.1,1,28,14,0,0,192,60.3
2019,5,Ryan Newman,7,25,22,7,34,23,-13,45,58,5,11.1,0,5,2.5,0,0,199,56.2
2019,5,Clint Bowyer,9,23,38,3,30,26,-26,52,78,13,25,0,32,16,0,0,130,55.3
2019,5,Michael McDowell,29,24,24,2,31,24,6,64,58,6,9.4,3,13,6.5,0,0,198,52.3
2019,5,Ryan Preece,26,22,23,8,34,24,-1,75,76,5,6.7,0,2,1,0,0,199,50.8
2019,5,Ty Dillon,16,31,27,7,32,27,-15,65,80,6,9.2,0,2,1,0,0,197,50.5
2019,5,David Ragan,19,26,25,6,33,26,-5,65,70,3,4.6,1,5,2.5,0,0,198,45.8
2019,5,Matt Tifft,32,27,26,4,33,27,2,59,57,6,10.2,1,8,4,0,0,197,44.9
2019,5,Corey LaJoie,30,30,31,3,34,30,3,59,56,5,8.5,0,6,3,0,0,193,42.3
2019,5,Bubba Wallace,28,29,30,24,36,29,0,36,36,0,0,0,0,0,0,0,194,41.2
2019,5,Landon Cassill,33,32,29,7,34,30,4,51,47,4,7.8,0,2,1,0,0,195,38.7
2019,5,Ross Chastain,31,28,28,11,34,30,-1,47,48,3,6.4,1,0,0,0,0,195,37.1
2019,5,Cody Ware,34,34,32,21,37,33,-1,38,39,0,0,0,0,0,0,0,192,33.3
2019,5,Reed Sorenson,35,33,34,30,35,34,3,27,24,0,0,0,0,0,0,0,192,30.5
2019,5,Garrett Smithley,37,37,36,34,38,36,1,9,8,0,0,0,0,0,0,0,188,27.3
2019,5,Joey Gase,38,36,35,35,38,36,2,9,7,0,0,0,0,0,0,0,188,25.5
2019,5,B.J. McLeod,36,38,37,35,38,38,-1,7,8,0,0,0,0,0,0,0,172,24.7
2019,4,Kyle Busch,4,1,1,1,14,2,21,29,8,26,89.7,103,312,100,177,56.7,312,149.7
2019,4,Ryan Blaney,1,11,3,1,20,6,21,44,23,36,81.8,27,304,97.4,94,30.1,312,124.1
2019,4,"Martin Truex, Jr.",9,3,2,2,25,7,23,45,22,29,64.4,33,285,91.4,0,0,312,118.1
2019,4,Denny Hamlin,3,7,5,1,13,7,1,33,32,31,93.9,9,312,100,7,2.2,312,108.4
2019,4,Kevin Harvick,8,5,9,2,22,8,16,45,29,29,64.4,11,290,93,0,0,312,105.1
2019,4,Aric Almirola,14,10,4,1,22,8,14,46,32,29,63,7,287,92,26,8.3,312,100.7
2019,4,Jimmie Johnson,15,6,8,1,18,8,-8,24,32,18,75,0,272,87.2,4,1.3,312,97.7
2019,4,Joey Logano,12,8,10,2,20,9,21,52,31,40,76.9,1,297,95.2,0,0,312,96.4
2019,4,Clint Bowyer,26,2,11,2,27,9,20,47,27,25,53.2,16,239,76.6,0,0,312,94.6
2019,4,Kurt Busch,16,12,7,3,22,10,9,49,40,32,65.3,1,273,87.5,0,0,312,90.7
2019,4,Kyle Larson,31,13,6,4,31,12,25,76,51,37,48.7,0,210,67.3,0,0,312,86
2019,4,Ryan Newman,18,4,12,3,25,11,2,40,38,19,47.5,2,253,81.1,0,0,312,83.6
2019,4,Chase Elliott,2,9,14,1,36,16,-13,66,79,29,43.9,12,172,55.1,0,0,312,76.8
2019,4,"Ricky Stenhouse, Jr.",19,16,13,9,22,15,-8,56,64,33,58.9,0,175,56.1,0,0,312,73.7
2019,4,Austin Dillon,13,19,21,2,24,12,-21,33,54,9,27.3,2,165,52.9,0,0,311,71.8
2019,4,William Byron,7,20,24,4,24,16,-15,38,53,14,36.8,7,127,40.7,0,0,310,68.8
2019,4,Paul Menard,17,15,17,8,22,16,-4,56,60,22,39.3,0,132,42.3,0,0,311,67.3
2019,4,Brad Keselowski,5,31,19,3,32,23,-14,28,42,4,14.3,6,56,18,0,0,311,66.6
2019,4,Ty Dillon,20,18,15,12,25,19,-18,65,83,16,24.6,0,64,20.5,0,0,312,64.2
2019,4,Alex Bowman,6,27,35,2,27,22,3,27,24,13,48.1,2,90,28.9,0,0,191,63.9
2019,4,Daniel Hemric,11,17,18,1,26,18,-7,65,72,14,21.5,1,98,31.4,4,1.3,311,59.6
2019,4,Chris Buescher,22,21,16,8,31,20,-12,53,65,8,15.1,0,28,9,0,0,312,58.5
2019,4,Matt DiBenedetto,25,14,28,8,28,18,-21,47,68,18,38.3,3,175,56.1,0,0,308,57.2
2019,4,Daniel Suarez,28,28,23,15,32,26,11,40,29,2,5,7,0,0,0,0,311,56.7
2019,4,Bubba Wallace,23,24,22,9,26,22,-14,52,66,8,15.4,0,19,6.1,0,0,311,51
2019,4,Matt Tifft,30,26,20,12,31,25,-10,43,53,2,4.7,0,4,1.3,0,0,311,47.2
2019,4,Erik Jones,10,36,29,7,36,31,0,4,4,2,50,0,37,11.9,0,0,304,45.8
2019,4,David Ragan,29,22,25,19,31,25,-1,51,52,0,0,0,0,0,0,0,310,44.2
2019,4,Ryan Preece,21,23,34,17,30,28,-12,34,46,0,0,0,0,0,0,0,229,38
2019,4,Corey LaJoie,24,29,26,22,31,28,-9,17,26,0,0,1,0,0,0,0,310,37.9
2019,4,Michael McDowell,27,25,36,20,32,31,3,19,16,0,0,0,0,0,0,0,157,34.2
2019,4,Ross Chastain,33,30,27,12,33,30,5,9,4,0,0,2,1,0.3,0,0,308,33.6
2019,4,Landon Cassill,32,32,33,11,34,31,-6,5,11,0,0,1,3,1,0,0,267,32.4
2019,4,Cody Ware,34,35,32,32,35,34,-1,2,3,0,0,0,0,0,0,0,300,28.5
2019,4,Quin Houff,35,33,30,30,36,33,3,6,3,0,0,0,0,0,0,0,302,28
2019,4,Bayley Currey,36,34,31,30,36,33,-2,3,5,0,0,0,0,0,0,0,301,27
2019,3,Kevin Harvick,1,6,4,1,11,3,2,62,60,52,83.9,52,267,100,88,33,267,134.4
2019,3,Joey Logano,10,5,1,1,19,4,10,101,91,77,76.2,32,264,98.9,86,32.2,267,131.5
2019,3,Kyle Busch,3,24,3,1,26,7,-2,101,103,63,62.4,28,229,85.8,13,4.9,267,118.6
2019,3,Brad Keselowski,19,8,2,1,31,7,10,102,92,58,56.9,21,242,90.6,17,6.4,267,110.8
2019,3,"Ricky Stenhouse, Jr.",8,14,6,1,33,8,4,122,118,79,64.8,7,257,96.3,5,1.9,267,105.5
2019,3,Denny Hamlin,2,9,10,2,23,7,-8,88,96,67,76.1,8,260,97.4,0,0,267,104.9
2019,3,Kurt Busch,28,2,5,1,32,11,7,114,107,39,34.2,12,169,63.3,23,8.6,267,101.4
2019,3,"Martin Truex, Jr.",23,7,8,2,32,11,17,115,98,66,57.4,23,209,78.3,0,0,267,97.1
2019,3,Chase Elliott,12,12,9,3,31,9,3,110,107,73,66.4,7,248,92.9,0,0,267,97.1
2019,3,Aric Almirola,25,13,7,4,30,11,21,132,111,70,53,8,212,79.4,0,0,267,96.5
2019,3,Erik Jones,18,18,13,3,26,13,1,115,114,57,49.6,5,210,78.7,0,0,267,84.2
2019,3,Alex Bowman,11,10,11,3,27,13,4,124,120,75,60.5,5,230,86.1,0,0,267,84
2019,3,Kyle Larson,7,4,12,4,35,18,-4,110,114,27,24.6,5,104,39,0,0,267,83.2
2019,3,William Byron,20,1,16,1,29,13,-1,114,115,62,54.4,5,213,79.8,21,7.9,267,80.2
2019,3,Clint Bowyer,17,19,14,7,35,16,8,119,111,38,31.9,2,145,54.3,0,0,267,75.8
2019,3,Daniel Suarez,22,15,17,1,22,13,5,106,101,55,51.9,4,170,63.7,12,4.5,267,75.4
2019,3,Jimmie Johnson,9,16,19,5,29,14,-6,99,105,48,48.5,5,156,58.4,0,0,266,73.7
2019,3,Austin Dillon,4,20,20,1,34,18,-21,98,119,19,19.4,9,59,22.1,2,0.8,266,70.1
2019,3,Paul Menard,15,3,15,3,31,16,3,126,123,38,30.2,0,105,39.3,0,0,267,69.7
2019,3,Ryan Blaney,13,28,22,3,34,23,-11,78,89,31,39.7,10,54,20.2,0,0,266,65.8
2019,3,Chris Buescher,27,17,18,4,31,17,12,139,127,42,30.2,0,64,24,0,0,267,64.8
2019,3,Daniel Hemric,5,11,23,5,34,22,-11,93,104,15,16.1,3,29,10.9,0,0,265,59.4
2019,3,Matt DiBenedetto,26,21,21,4,32,21,0,94,94,13,13.8,4,14,5.2,0,0,266,58.1
2019,3,Bubba Wallace,21,23,26,1,35,23,2,82,80,0,0,2,1,0.4,0,0,265,53.3
2019,3,Ryan Newman,29,22,24,14,35,23,7,112,105,8,7.1,2,3,1.1,0,0,265,50.1
2019,3,Michael McDowell,16,31,30,2,32,27,-18,77,95,7,9.1,0,18,6.7,0,0,263,48.5
2019,3,David Ragan,6,26,28,4,29,23,-27,84,111,16,19.1,1,26,9.7,0,0,264,46.4
2019,3,Ryan Preece,24,25,25,12,34,26,-5,95,100,2,2.1,0,1,0.4,0,0,265,46.3
2019,3,Corey LaJoie,30,27,27,7,31,26,-1,84,85,6,7.1,0,14,5.2,0,0,264,46.2
2019,3,Ty Dillon,14,29,29,9,31,27,2,93,91,10,10.8,1,18,6.7,0,0,264,45.4
2019,3,Parker Kligerman,32,30,31,10,34,29,-3,86,89,4,4.7,3,10,3.8,0,0,263,40.5
2019,3,Ross Chastain,38,32,33,11,38,31,4,52,48,2,3.9,0,3,1.1,0,0,259,35.5
2019,3,Matt Tifft,35,34,34,13,35,32,-2,45,47,1,2.2,0,1,0.4,0,0,259,34.5
2019,3,Landon Cassill,31,33,32,18,34,33,4,48,44,0,0,3,0,0,0,0,260,33.5
2019,3,Cody Ware,33,35,35,31,36,35,-2,16,18,0,0,0,0,0,0,0,253,30
2019,3,Reed Sorenson,37,36,36,35,38,36,2,4,2,0,0,0,0,0,0,0,252,27.3
2019,3,B.J. McLeod,34,37,37,34,38,37,-1,3,4,0,0,0,0,0,0,0,220,25.3
2019,3,Joey Gase,36,38,38,32,38,38,-6,2,8,0,0,0,0,0,0,0,10,23.2
2019,2,"Martin Truex, Jr.",9,3,2,1,14,4,15,47,32,44,93.6,38,325,100,4,1.2,325,127.4
2019,2,Kevin Harvick,18,1,4,1,18,4,-1,42,43,31,73.8,38,322,99.1,45,13.9,325,121.1
2019,2,Kyle Larson,7,2,12,1,21,6,10,69,59,44,63.8,54,266,81.9,142,43.7,325,117.2
2019,2,Kurt Busch,8,7,3,1,21,6,3,51,48,35,68.6,5,321,98.8,1,0.3,325,112
2019,2,Brad Keselowski,19,12,1,1,23,9,8,89,81,54,60.7,28,289,88.9,33,10.2,325,108.3
2019,2,Clint Bowyer,3,10,5,3,23,8,-6,70,76,36,51.4,4,316,97.2,0,0,325,99.9
2019,2,Ryan Blaney,26,4,22,1,26,8,-1,50,51,30,60,17,282,86.8,41,12.7,324,97.3
2019,2,Kyle Busch,6,9,6,2,30,11,36,110,74,63,57.3,25,278,85.5,0,0,325,94
2019,2,Denny Hamlin,4,5,11,2,24,9,-11,84,95,58,69,4,302,92.9,0,0,325,92.2
2019,2,Aric Almirola,1,14,8,1,27,11,14,73,59,39,53.4,14,221,68,36,11.1,325,92.1
2019,2,Joey Logano,27,6,23,1,27,9,25,94,69,52,55.3,24,283,87.1,22,6.8,324,89.9
2019,2,"Ricky Stenhouse, Jr.",2,27,18,1,28,17,0,52,52,16,30.8,7,128,39.4,1,0.3,324,87.6
2019,2,Erik Jones,15,8,7,5,24,13,4,88,84,42,47.7,2,204,62.8,0,0,325,84.3
2019,2,Daniel Suarez,5,13,10,4,22,12,-8,84,92,63,75,0,295,90.8,0,0,325,82.5
2019,2,Ryan Newman,13,11,13,5,27,14,-7,84,91,42,50,1,250,76.9,0,0,325,77.1
2019,2,Chris Buescher,30,20,9,6,30,17,9,95,86,38,40,1,143,44,0,0,325,74.9
2019,2,Alex Bowman,16,17,15,9,23,17,-1,79,80,21,26.6,0,81,24.9,0,0,325,71.5
2019,2,Daniel Hemric,28,16,20,4,31,16,12,97,85,29,29.9,10,149,45.9,0,0,324,71.3
2019,2,Paul Menard,14,21,14,5,25,18,-4,80,84,19,23.8,1,78,24,0,0,325,67.7
2019,2,Chase Elliott,22,15,19,4,22,14,-6,86,92,48,55.8,1,212,65.2,0,0,324,67.6
2019,2,William Byron,17,18,17,8,24,18,-8,74,82,14,18.9,2,39,12,0,0,325,62.3
2019,2,David Ragan,23,22,16,10,29,22,-1,79,80,11,13.9,0,13,4,0,0,325,59.5
2019,2,Ryan Preece,25,19,35,7,28,20,2,69,67,22,31.9,0,58,17.9,0,0,271,54.8
2019,2,Austin Dillon,10,24,21,8,29,24,-17,50,67,4,8,0,6,1.9,0,0,324,54.7
2019,2,Jimmie Johnson,11,25,24,11,27,24,-20,27,47,1,3.7,1,1,0.3,0,0,323,52.7
2019,2,Matt DiBenedetto,20,23,26,12,28,25,-12,53,65,4,7.5,1,6,1.9,0,0,322,48.7
2019,2,Ty Dillon,21,28,25,14,32,27,-2,33,35,0,0,1,1,0.3,0,0,323,46.4
2019,2,Bubba Wallace,29,29,27,16,31,28,4,20,16,0,0,0,0,0,0,0,322,43
2019,2,Michael McDowell,12,26,37,10,37,29,-30,23,53,4,17.4,4,5,1.5,0,0,222,41.7
2019,2,Corey LaJoie,24,30,29,19,32,30,-14,25,39,0,0,8,0,0,0,0,319,39.2
2019,2,Matt Tifft,31,31,28,10,32,30,-4,20,24,0,0,0,1,0.3,0,0,319,38.5
2019,2,Parker Kligerman,34,32,30,29,34,31,6,11,5,0,0,0,0,0,0,0,318,37
2019,2,Ross Chastain,32,35,31,31,35,33,0,4,4,0,0,2,0,0,0,0,313,32.8
2019,2,B.J. McLeod,37,34,32,32,37,33,5,11,6,0,0,2,0,0,0,0,313,30.8
2019,2,Landon Cassill,33,33,34,33,37,35,-3,7,10,0,0,0,0,0,0,0,284,28.2
2019,2,Cody Ware,36,36,33,33,36,35,4,5,1,0,0,0,0,0,0,0,303,27.3
2019,2,Garrett Smithley,35,37,36,35,37,37,-2,1,3,0,0,0,0,0,0,0,254,24.3
2019,1,William Byron,1,4,21,1,29,8,7,220,213,141,64.1,5,165,79.7,44,22.2,198,114
2019,1,Kyle Busch,31,2,2,1,31,6,58,249,191,183,73.5,4,189,91.3,37,17.9,207,109.2
2019,1,Matt DiBenedetto,9,1,28,1,26,10,15,256,241,203,79.3,8,151,73,49,25.8,190,105.3
2019,1,Erik Jones,28,5,3,2,31,12,26,304,278,164,54,10,143,69.1,0,0,207,93.5
2019,1,Kevin Harvick,3,8,26,2,34,10,-20,293,313,229,78.2,2,169,81.6,0,0,194,91.7
2019,1,Joey Logano,4,11,4,1,32,11,-10,313,323,232,74.1,3,165,79.7,11,5.3,207,91
2019,1,"Ricky Stenhouse, Jr.",5,16,13,1,35,11,-8,311,319,215,69.1,2,159,76.8,16,7.7,207,90.4
2019,1,Alex Bowman,2,3,11,1,34,11,53,245,192,104,42.5,8,137,66.2,0,0,207,89.9
2019,1,Jimmie Johnson,17,20,9,1,34,14,22,315,293,209,66.3,6,120,58,0,0,207,88.4
2019,1,Denny Hamlin,10,21,1,1,33,12,23,269,246,154,57.2,2,122,58.9,30,14.5,207,87.5
2019,1,Aric Almirola,8,10,32,1,31,13,-27,286,313,217,75.9,1,159,76.8,0,0,190,87.3
2019,1,Chase Elliott,18,6,17,4,36,13,38,300,262,159,53,6,144,69.6,0,0,200,87.2
2019,1,Clint Bowyer,6,18,20,2,33,12,-23,293,316,208,71,2,148,71.5,0,0,199,85.4
2019,1,Ryan Blaney,14,9,31,1,36,13,-18,268,286,182,67.9,0,143,69.1,13,6.8,190,78.6
2019,1,Daniel Suarez,23,7,33,1,31,15,-13,320,333,189,59.1,2,123,59.4,0,0,190,77.4
2019,1,Brad Keselowski,35,12,12,2,37,17,8,285,277,117,41,5,107,51.7,0,0,207,75.4
2019,1,Kyle Larson,26,19,7,3,39,19,-8,362,370,109,30.1,9,59,28.5,0,0,207,74.7
2019,1,Michael McDowell,34,27,5,1,38,19,15,273,258,107,39.2,5,79,38.2,2,1,207,72.1
2019,1,Paul Menard,7,31,29,4,38,20,-40,253,293,126,49.8,2,77,37.2,0,0,190,69.9
2019,1,David Ragan,24,33,30,4,37,23,-28,280,308,119,42.5,5,50,24.2,0,0,190,67.1
2019,1,Ryan Newman,19,13,14,5,38,20,-36,198,234,50,25.2,9,64,30.9,0,0,207,66
2019,1,Ty Dillon,22,22,6,4,38,22,-29,211,240,38,18,10,42,20.3,0,0,207,65.8
2019,1,Jamie McMurray,16,29,22,1,39,23,-18,221,239,75,33.9,7,52,25.1,4,2,198,62.8
2019,1,Ryan Preece,21,17,8,3,35,21,0,248,248,50,20.2,4,53,25.6,0,0,207,62.3
2019,1,Tyler Reddick,39,26,27,5,40,23,65,309,244,60,19.4,3,28,13.5,0,0,191,61.9
2019,1,Kurt Busch,12,39,25,1,40,31,-17,102,119,69,67.7,3,34,16.4,0,0,196,57.2
2019,1,"Martin Truex, Jr.",11,15,35,2,34,23,-22,175,197,74,42.3,4,31,15,0,0,190,56.8
2019,1,Daniel Hemric,29,24,34,1,39,23,19,252,233,48,19.1,6,34,16.4,1,0.5,190,55.4
2019,1,Landon Cassill,27,35,24,11,38,29,0,137,137,11,8,9,12,5.8,0,0,196,54.3
2019,1,Bubba Wallace,13,40,38,1,40,33,15,143,128,105,73.4,0,34,16.4,0,0,169,53.2
2019,1,Austin Dillon,20,14,16,13,35,23,-4,192,196,23,12,3,15,7.3,0,0,205,52.5
2019,1,Brendan Gaughan,30,28,23,7,36,28,-14,95,109,7,7.4,2,12,5.8,0,0,197,49.9
2019,1,Ross Chastain,36,34,10,9,39,31,7,63,56,7,11.1,4,21,10.1,0,0,207,49.1
2019,1,Matt Tifft,33,23,36,8,38,25,-8,196,204,13,6.6,4,11,5.3,0,0,190,48.3
2019,1,Parker Kligerman,25,25,15,7,37,29,-12,143,155,10,7,2,12,5.8,0,0,205,47.9
2019,1,Chris Buescher,15,32,37,6,38,29,-8,115,123,49,42.6,2,20,9.7,0,0,190,46.7
2019,1,B.J. McLeod,38,37,19,8,39,34,-12,72,84,4,5.6,0,6,2.9,0,0,200,37
2019,1,Corey LaJoie,32,38,18,11,40,36,-8,58,66,5,8.6,1,2,1,0,0,200,36.6
2019,1,Casey Mears,40,30,40,10,40,34,24,85,61,4,4.7,1,8,3.9,0,0,104,36.5
2019,1,Cody Ware,37,36,39,9,40,35,-12,44,56,4,9.1,0,5,2.4,0,0,155,25.7